,Id,Name,Year,Gender,State,Count
11349,11350,Emma,2004,F,AK,62
11350,11351,Madison,2004,F,AK,48
11351,11352,Hannah,2004,F,AK,46
11352,11353,Grace,2004,F,AK,44
11353,11354,Emily,2004,F,AK,41
11354,11355,Abigail,2004,F,AK,37
11355,11356,Olivia,2004,F,AK,33
11356,11357,Isabella,2004,F,AK,30
11357,11358,Alyssa,2004,F,AK,29
11358,11359,Sophia,2004,F,AK,28
11359,11360,Alexis,2004,F,AK,27
11360,11361,Elizabeth,2004,F,AK,27
11361,11362,Hailey,2004,F,AK,27
11362,11363,Anna,2004,F,AK,26
11363,11364,Natalie,2004,F,AK,25
11364,11365,Sarah,2004,F,AK,25
11365,11366,Sydney,2004,F,AK,25
11366,11367,Ava,2004,F,AK,23
11367,11368,Trinity,2004,F,AK,22
11368,11369,Haley,2004,F,AK,21
11369,11370,Kaylee,2004,F,AK,21
11370,11371,Taylor,2004,F,AK,21
11371,11372,Chloe,2004,F,AK,20
11372,11373,Ella,2004,F,AK,20
11373,11374,Mackenzie,2004,F,AK,20
11374,11375,Sierra,2004,F,AK,19
11375,11376,Kayla,2004,F,AK,18
11376,11377,Samantha,2004,F,AK,18
11377,11378,Zoe,2004,F,AK,18
11378,11379,Jessica,2004,F,AK,17
11379,11380,Leah,2004,F,AK,17
11380,11381,Lily,2004,F,AK,17
11381,11382,Rachel,2004,F,AK,17
11382,11383,Riley,2004,F,AK,17
11383,11384,Savannah,2004,F,AK,17
11384,11385,Victoria,2004,F,AK,17
11385,11386,Ashley,2004,F,AK,16
11386,11387,Cadence,2004,F,AK,16
11387,11388,Megan,2004,F,AK,16
11388,11389,Aurora,2004,F,AK,15
11389,11390,Jasmine,2004,F,AK,15
11390,11391,Jordan,2004,F,AK,15
11391,11392,Julia,2004,F,AK,15
11392,11393,Kylie,2004,F,AK,15
11393,11394,Angel,2004,F,AK,14
11394,11395,Jade,2004,F,AK,14
11395,11396,Nicole,2004,F,AK,14
11396,11397,Rebecca,2004,F,AK,14
11397,11398,Alexandra,2004,F,AK,13
11398,11399,Allison,2004,F,AK,13
11399,11400,Audrey,2004,F,AK,13
11400,11401,Brianna,2004,F,AK,13
11401,11402,Danielle,2004,F,AK,13
11402,11403,Destiny,2004,F,AK,13
11403,11404,Faith,2004,F,AK,13
11404,11405,Isabelle,2004,F,AK,13
11405,11406,Jamie,2004,F,AK,13
11406,11407,Lauren,2004,F,AK,13
11407,11408,Lillian,2004,F,AK,13
11408,11409,Mia,2004,F,AK,13
11409,11410,Naomi,2004,F,AK,13
11410,11411,Nevaeh,2004,F,AK,13
11411,11412,Shelby,2004,F,AK,13
11412,11413,Arianna,2004,F,AK,12
11413,11414,Avery,2004,F,AK,12
11414,11415,Brooke,2004,F,AK,12
11415,11416,Katelyn,2004,F,AK,12
11416,11417,Kylee,2004,F,AK,12
11417,11418,Lydia,2004,F,AK,12
11418,11419,Malia,2004,F,AK,12
11419,11420,Maya,2004,F,AK,12
11420,11421,Makayla,2004,F,AK,11
11421,11422,Maria,2004,F,AK,11
11422,11423,Mary,2004,F,AK,11
11423,11424,Michelle,2004,F,AK,11
11424,11425,Aaliyah,2004,F,AK,10
11425,11426,Amber,2004,F,AK,10
11426,11427,Angelina,2004,F,AK,10
11427,11428,Jenna,2004,F,AK,10
11428,11429,Katrina,2004,F,AK,10
11429,11430,Molly,2004,F,AK,10
11430,11431,Morgan,2004,F,AK,10
11431,11432,Amanda,2004,F,AK,9
11432,11433,Amelia,2004,F,AK,9
11433,11434,Catherine,2004,F,AK,9
11434,11435,Claire,2004,F,AK,9
11435,11436,Ellie,2004,F,AK,9
11436,11437,Erin,2004,F,AK,9
11437,11438,Eva,2004,F,AK,9
11438,11439,Katie,2004,F,AK,9
11439,11440,Kiara,2004,F,AK,9
11440,11441,Kyla,2004,F,AK,9
11441,11442,Lindsey,2004,F,AK,9
11442,11443,Aubrey,2004,F,AK,8
11443,11444,Charlotte,2004,F,AK,8
11444,11445,Christina,2004,F,AK,8
11445,11446,Clara,2004,F,AK,8
11446,11447,Delaney,2004,F,AK,8
11447,11448,Gabrielle,2004,F,AK,8
11448,11449,Heather,2004,F,AK,8
11449,11450,Isabel,2004,F,AK,8
11450,11451,Jennifer,2004,F,AK,8
11451,11452,Jillian,2004,F,AK,8
11452,11453,Kate,2004,F,AK,8
11453,11454,Kira,2004,F,AK,8
11454,11455,Marissa,2004,F,AK,8
11455,11456,Natasha,2004,F,AK,8
11456,11457,Paris,2004,F,AK,8
11457,11458,Peyton,2004,F,AK,8
11458,11459,Sara,2004,F,AK,8
11459,11460,Tabitha,2004,F,AK,8
11460,11461,Tessa,2004,F,AK,8
11461,11462,Alexandria,2004,F,AK,7
11462,11463,Angela,2004,F,AK,7
11463,11464,Annika,2004,F,AK,7
11464,11465,Ashlyn,2004,F,AK,7
11465,11466,Autumn,2004,F,AK,7
11466,11467,Ayla,2004,F,AK,7
11467,11468,Breanna,2004,F,AK,7
11468,11469,Erica,2004,F,AK,7
11469,11470,Evelyn,2004,F,AK,7
11470,11471,Gabriella,2004,F,AK,7
11471,11472,Haylee,2004,F,AK,7
11472,11473,Janessa,2004,F,AK,7
11473,11474,Josephine,2004,F,AK,7
11474,11475,Kelsey,2004,F,AK,7
11475,11476,Kristen,2004,F,AK,7
11476,11477,Lucy,2004,F,AK,7
11477,11478,Makenzie,2004,F,AK,7
11478,11479,Margaret,2004,F,AK,7
11479,11480,Mariah,2004,F,AK,7
11480,11481,Natalia,2004,F,AK,7
11481,11482,Rebekah,2004,F,AK,7
11482,11483,Rhiannon,2004,F,AK,7
11483,11484,Sadie,2004,F,AK,7
11484,11485,Sage,2004,F,AK,7
11485,11486,Selena,2004,F,AK,7
11486,11487,Serena,2004,F,AK,7
11487,11488,Shannon,2004,F,AK,7
11488,11489,Vanessa,2004,F,AK,7
11489,11490,Allie,2004,F,AK,6
11490,11491,Anika,2004,F,AK,6
11491,11492,Ariana,2004,F,AK,6
11492,11493,Athena,2004,F,AK,6
11493,11494,Caitlyn,2004,F,AK,6
11494,11495,Carmen,2004,F,AK,6
11495,11496,Courtney,2004,F,AK,6
11496,11497,Daisy,2004,F,AK,6
11497,11498,Ellen,2004,F,AK,6
11498,11499,Gwendolyn,2004,F,AK,6
11499,11500,Hope,2004,F,AK,6
11500,11501,Jocelyn,2004,F,AK,6
11501,11502,Jordyn,2004,F,AK,6
11502,11503,Katelynn,2004,F,AK,6
11503,11504,Laura,2004,F,AK,6
11504,11505,Leilani,2004,F,AK,6
11505,11506,Madeline,2004,F,AK,6
11506,11507,Madelyn,2004,F,AK,6
11507,11508,Mckenna,2004,F,AK,6
11508,11509,Melanie,2004,F,AK,6
11509,11510,Mercedes,2004,F,AK,6
11510,11511,Mya,2004,F,AK,6
11511,11512,Paige,2004,F,AK,6
11512,11513,Summer,2004,F,AK,6
11513,11514,Tiana,2004,F,AK,6
11514,11515,Zoey,2004,F,AK,6
11515,11516,Adrianna,2004,F,AK,5
11516,11517,Alice,2004,F,AK,5
11517,11518,Aliyah,2004,F,AK,5
11518,11519,Amaya,2004,F,AK,5
11519,11520,Anastasia,2004,F,AK,5
11520,11521,Angelica,2004,F,AK,5
11521,11522,Ashlee,2004,F,AK,5
11522,11523,Bailey,2004,F,AK,5
11523,11524,Brenna,2004,F,AK,5
11524,11525,Camryn,2004,F,AK,5
11525,11526,Chelsea,2004,F,AK,5
11526,11527,Ciara,2004,F,AK,5
11527,11528,Cynthia,2004,F,AK,5
11528,11529,Denali,2004,F,AK,5
11529,11530,Eileen,2004,F,AK,5
11530,11531,Emilia,2004,F,AK,5
11531,11532,Fiona,2004,F,AK,5
11532,11533,Frances,2004,F,AK,5
11533,11534,Gianna,2004,F,AK,5
11534,11535,Gracie,2004,F,AK,5
11535,11536,Jacqueline,2004,F,AK,5
11536,11537,Jadyn,2004,F,AK,5
11537,11538,Karina,2004,F,AK,5
11538,11539,Katherine,2004,F,AK,5
11539,11540,Kiana,2004,F,AK,5
11540,11541,Kyra,2004,F,AK,5
11541,11542,Layla,2004,F,AK,5
11542,11543,Marina,2004,F,AK,5
11543,11544,Mckenzie,2004,F,AK,5
11544,11545,Melody,2004,F,AK,5
11545,11546,Miranda,2004,F,AK,5
11546,11547,Nora,2004,F,AK,5
11547,11548,Reagan,2004,F,AK,5
11548,11549,Sabrina,2004,F,AK,5
11549,11550,Shania,2004,F,AK,5
11550,11551,Skye,2004,F,AK,5
11551,11552,Tatiana,2004,F,AK,5
11552,11553,Veronica,2004,F,AK,5
11553,11554,Madison,2005,F,AK,53
11554,11555,Emma,2005,F,AK,49
11555,11556,Emily,2005,F,AK,47
11556,11557,Isabella,2005,F,AK,35
11557,11558,Samantha,2005,F,AK,35
11558,11559,Hannah,2005,F,AK,34
11559,11560,Abigail,2005,F,AK,33
11560,11561,Olivia,2005,F,AK,33
11561,11562,Elizabeth,2005,F,AK,30
11562,11563,Grace,2005,F,AK,28
11563,11564,Alexis,2005,F,AK,27
11564,11565,Anna,2005,F,AK,27
11565,11566,Jessica,2005,F,AK,27
11566,11567,Sophia,2005,F,AK,27
11567,11568,Ava,2005,F,AK,26
11568,11569,Lillian,2005,F,AK,26
11569,11570,Sierra,2005,F,AK,23
11570,11571,Trinity,2005,F,AK,23
11571,11572,Lily,2005,F,AK,21
11572,11573,Taylor,2005,F,AK,21
11573,11574,Hailey,2005,F,AK,20
11574,11575,Kaitlyn,2005,F,AK,20
11575,11576,Savannah,2005,F,AK,20
11576,11577,Alyssa,2005,F,AK,19
11577,11578,Lauren,2005,F,AK,19
11578,11579,Ella,2005,F,AK,18
11579,11580,Mary,2005,F,AK,18
11580,11581,Sarah,2005,F,AK,18
11581,11582,Ashley,2005,F,AK,17
11582,11583,Chloe,2005,F,AK,16
11583,11584,Faith,2005,F,AK,16
11584,11585,Isabelle,2005,F,AK,16
11585,11586,Jasmine,2005,F,AK,16
11586,11587,Katherine,2005,F,AK,16
11587,11588,Kylie,2005,F,AK,16
11588,11589,Morgan,2005,F,AK,16
11589,11590,Rebecca,2005,F,AK,16
11590,11591,Nevaeh,2005,F,AK,15
11591,11592,Paige,2005,F,AK,15
11592,11593,Zoe,2005,F,AK,15
11593,11594,Brianna,2005,F,AK,14
11594,11595,Brooke,2005,F,AK,14
11595,11596,Kayla,2005,F,AK,14
11596,11597,Mia,2005,F,AK,14
11597,11598,Ariana,2005,F,AK,13
11598,11599,Arianna,2005,F,AK,13
11599,11600,Haley,2005,F,AK,13
11600,11601,Jenna,2005,F,AK,13
11601,11602,Katelyn,2005,F,AK,13
11602,11603,Naomi,2005,F,AK,13
11603,11604,Natalie,2005,F,AK,13
11604,11605,Riley,2005,F,AK,13
11605,11606,Ashlyn,2005,F,AK,12
11606,11607,Destiny,2005,F,AK,12
11607,11608,Leah,2005,F,AK,12
11608,11609,Alexandra,2005,F,AK,11
11609,11610,Andrea,2005,F,AK,11
11610,11611,Aubrey,2005,F,AK,11
11611,11612,Aurora,2005,F,AK,11
11612,11613,Autumn,2005,F,AK,11
11613,11614,Bethany,2005,F,AK,11
11614,11615,Jillian,2005,F,AK,11
11615,11616,Julia,2005,F,AK,11
11616,11617,Leilani,2005,F,AK,11
11617,11618,Lydia,2005,F,AK,11
11618,11619,Rylee,2005,F,AK,11
11619,11620,Sara,2005,F,AK,11
11620,11621,Serenity,2005,F,AK,11
11621,11622,Vanessa,2005,F,AK,11
11622,11623,Allison,2005,F,AK,10
11623,11624,Caitlyn,2005,F,AK,10
11624,11625,Dakota,2005,F,AK,10
11625,11626,Jordan,2005,F,AK,10
11626,11627,Katie,2005,F,AK,10
11627,11628,Mackenzie,2005,F,AK,10
11628,11629,Megan,2005,F,AK,10
11629,11630,Savanna,2005,F,AK,10
11630,11631,Sydney,2005,F,AK,10
11631,11632,Victoria,2005,F,AK,10
11632,11633,Aaliyah,2005,F,AK,9
11633,11634,Alicia,2005,F,AK,9
11634,11635,Amanda,2005,F,AK,9
11635,11636,Angelina,2005,F,AK,9
11636,11637,Audrey,2005,F,AK,9
11637,11638,Avery,2005,F,AK,9
11638,11639,Desiree,2005,F,AK,9
11639,11640,Evelyn,2005,F,AK,9
11640,11641,Jade,2005,F,AK,9
11641,11642,Margaret,2005,F,AK,9
11642,11643,Maria,2005,F,AK,9
11643,11644,Mariah,2005,F,AK,9
11644,11645,Mya,2005,F,AK,9
11645,11646,Rachel,2005,F,AK,9
11646,11647,Shelby,2005,F,AK,9
11647,11648,Sofia,2005,F,AK,9
11648,11649,Alana,2005,F,AK,8
11649,11650,Alexandria,2005,F,AK,8
11650,11651,Amelia,2005,F,AK,8
11651,11652,Anastasia,2005,F,AK,8
11652,11653,Breanna,2005,F,AK,8
11653,11654,Cadence,2005,F,AK,8
11654,11655,Cassidy,2005,F,AK,8
11655,11656,Claire,2005,F,AK,8
11656,11657,Ellie,2005,F,AK,8
11657,11658,Gabrielle,2005,F,AK,8
11658,11659,Jada,2005,F,AK,8
11659,11660,Kelly,2005,F,AK,8
11660,11661,Kira,2005,F,AK,8
11661,11662,Lena,2005,F,AK,8
11662,11663,Madeline,2005,F,AK,8
11663,11664,Madelyn,2005,F,AK,8
11664,11665,Makenna,2005,F,AK,8
11665,11666,Maya,2005,F,AK,8
11666,11667,Miranda,2005,F,AK,8
11667,11668,Nora,2005,F,AK,8
11668,11669,Amber,2005,F,AK,7
11669,11670,Angel,2005,F,AK,7
11670,11671,Angela,2005,F,AK,7
11671,11672,Charlotte,2005,F,AK,7
11672,11673,Cheyenne,2005,F,AK,7
11673,11674,Christina,2005,F,AK,7
11674,11675,Cora,2005,F,AK,7
11675,11676,Delaney,2005,F,AK,7
11676,11677,Elena,2005,F,AK,7
11677,11678,Elise,2005,F,AK,7
11678,11679,Erica,2005,F,AK,7
11679,11680,Erin,2005,F,AK,7
11680,11681,Iris,2005,F,AK,7
11681,11682,Josephine,2005,F,AK,7
11682,11683,Layla,2005,F,AK,7
11683,11684,Lucy,2005,F,AK,7
11684,11685,Makayla,2005,F,AK,7
11685,11686,Marina,2005,F,AK,7
11686,11687,Mckenna,2005,F,AK,7
11687,11688,Molly,2005,F,AK,7
11688,11689,Payton,2005,F,AK,7
11689,11690,Sadie,2005,F,AK,7
11690,11691,Sophie,2005,F,AK,7
11691,11692,Summer,2005,F,AK,7
11692,11693,Zoey,2005,F,AK,7
11693,11694,Abby,2005,F,AK,6
11694,11695,Addison,2005,F,AK,6
11695,11696,Alexa,2005,F,AK,6
11696,11697,Alexia,2005,F,AK,6
11697,11698,Ariel,2005,F,AK,6
11698,11699,Brooklyn,2005,F,AK,6
11699,11700,Caroline,2005,F,AK,6
11700,11701,Cassandra,2005,F,AK,6
11701,11702,Gabriella,2005,F,AK,6
11702,11703,Gracie,2005,F,AK,6
11703,11704,Heather,2005,F,AK,6
11704,11705,Isabel,2005,F,AK,6
11705,11706,Jadyn,2005,F,AK,6
11706,11707,Janessa,2005,F,AK,6
11707,11708,Kailey,2005,F,AK,6
11708,11709,Kathryn,2005,F,AK,6
11709,11710,Katrina,2005,F,AK,6
11710,11711,Kaylee,2005,F,AK,6
11711,11712,Kelsey,2005,F,AK,6
11712,11713,Kendra,2005,F,AK,6
11713,11714,Kennedy,2005,F,AK,6
11714,11715,Kiara,2005,F,AK,6
11715,11716,Kyra,2005,F,AK,6
11716,11717,Marissa,2005,F,AK,6
11717,11718,Piper,2005,F,AK,6
11718,11719,Sage,2005,F,AK,6
11719,11720,Shania,2005,F,AK,6
11720,11721,Violet,2005,F,AK,6
11721,11722,Willow,2005,F,AK,6
11722,11723,Adrianna,2005,F,AK,5
11723,11724,Alaina,2005,F,AK,5
11724,11725,Aleah,2005,F,AK,5
11725,11726,Alison,2005,F,AK,5
11726,11727,Amaya,2005,F,AK,5
11727,11728,Annie,2005,F,AK,5
11728,11729,Brenna,2005,F,AK,5
11729,11730,Caitlin,2005,F,AK,5
11730,11731,Camryn,2005,F,AK,5
11731,11732,Catherine,2005,F,AK,5
11732,11733,Courtney,2005,F,AK,5
11733,11734,Denali,2005,F,AK,5
11734,11735,Elaina,2005,F,AK,5
11735,11736,Esther,2005,F,AK,5
11736,11737,Eva,2005,F,AK,5
11737,11738,Gwendolyn,2005,F,AK,5
11738,11739,Harmony,2005,F,AK,5
11739,11740,Hayden,2005,F,AK,5
11740,11741,Heidi,2005,F,AK,5
11741,11742,Holly,2005,F,AK,5
11742,11743,Hope,2005,F,AK,5
11743,11744,Isis,2005,F,AK,5
11744,11745,Jamie,2005,F,AK,5
11745,11746,Jocelyn,2005,F,AK,5
11746,11747,Kaila,2005,F,AK,5
11747,11748,Katelynn,2005,F,AK,5
11748,11749,Kaydence,2005,F,AK,5
11749,11750,Kendall,2005,F,AK,5
11750,11751,Kiley,2005,F,AK,5
11751,11752,Kimberly,2005,F,AK,5
11752,11753,Kirsten,2005,F,AK,5
11753,11754,Kristen,2005,F,AK,5
11754,11755,Kylee,2005,F,AK,5
11755,11756,Liberty,2005,F,AK,5
11756,11757,Lindsey,2005,F,AK,5
11757,11758,Malia,2005,F,AK,5
11758,11759,Mckenzie,2005,F,AK,5
11759,11760,Melanie,2005,F,AK,5
11760,11761,Michaela,2005,F,AK,5
11761,11762,Nicole,2005,F,AK,5
11762,11763,Rose,2005,F,AK,5
11763,11764,Rylie,2005,F,AK,5
11764,11765,Shannon,2005,F,AK,5
11765,11766,Sienna,2005,F,AK,5
11766,11767,Tessa,2005,F,AK,5
11767,11768,Emma,2006,F,AK,49
11768,11769,Emily,2006,F,AK,42
11769,11770,Madison,2006,F,AK,42
11770,11771,Isabella,2006,F,AK,37
11771,11772,Ava,2006,F,AK,35
11772,11773,Elizabeth,2006,F,AK,35
11773,11774,Hannah,2006,F,AK,34
11774,11775,Olivia,2006,F,AK,32
11775,11776,Sophia,2006,F,AK,30
11776,11777,Abigail,2006,F,AK,28
11777,11778,Alyssa,2006,F,AK,28
11778,11779,Kaylee,2006,F,AK,27
11779,11780,Lily,2006,F,AK,26
11780,11781,Jasmine,2006,F,AK,25
11781,11782,Kayla,2006,F,AK,25
11782,11783,Samantha,2006,F,AK,24
11783,11784,Hailey,2006,F,AK,23
11784,11785,Natalie,2006,F,AK,23
11785,11786,Chloe,2006,F,AK,21
11786,11787,Ella,2006,F,AK,21
11787,11788,Grace,2006,F,AK,21
11788,11789,Alexis,2006,F,AK,20
11789,11790,Isabel,2006,F,AK,20
11790,11791,Mia,2006,F,AK,20
11791,11792,Addison,2006,F,AK,19
11792,11793,Kaitlyn,2006,F,AK,19
11793,11794,Katie,2006,F,AK,19
11794,11795,Sarah,2006,F,AK,19
11795,11796,Allison,2006,F,AK,18
11796,11797,Makayla,2006,F,AK,18
11797,11798,Savannah,2006,F,AK,18
11798,11799,Brooke,2006,F,AK,17
11799,11800,Faith,2006,F,AK,17
11800,11801,Keira,2006,F,AK,17
11801,11802,Lauren,2006,F,AK,17
11802,11803,Taylor,2006,F,AK,17
11803,11804,Anna,2006,F,AK,16
11804,11805,Katherine,2006,F,AK,16
11805,11806,Lillian,2006,F,AK,16
11806,11807,Ariana,2006,F,AK,15
11807,11808,Gabriella,2006,F,AK,15
11808,11809,Kylie,2006,F,AK,15
11809,11810,Mackenzie,2006,F,AK,15
11810,11811,Victoria,2006,F,AK,15
11811,11812,Arianna,2006,F,AK,14
11812,11813,Brooklyn,2006,F,AK,14
11813,11814,Cadence,2006,F,AK,14
11814,11815,Jessica,2006,F,AK,14
11815,11816,Rachel,2006,F,AK,14
11816,11817,Sierra,2006,F,AK,14
11817,11818,Ashley,2006,F,AK,13
11818,11819,Audrey,2006,F,AK,13
11819,11820,Brianna,2006,F,AK,13
11820,11821,Eva,2006,F,AK,13
11821,11822,Isabelle,2006,F,AK,13
11822,11823,Jordan,2006,F,AK,13
11823,11824,Mckenzie,2006,F,AK,13
11824,11825,Mya,2006,F,AK,13
11825,11826,Nevaeh,2006,F,AK,13
11826,11827,Amelia,2006,F,AK,12
11827,11828,Angel,2006,F,AK,12
11828,11829,Bethany,2006,F,AK,12
11829,11830,Destiny,2006,F,AK,12
11830,11831,Julia,2006,F,AK,12
11831,11832,Katelyn,2006,F,AK,12
11832,11833,Lydia,2006,F,AK,12
11833,11834,Serenity,2006,F,AK,12
11834,11835,Zoe,2006,F,AK,12
11835,11836,Aurora,2006,F,AK,11
11836,11837,Jenna,2006,F,AK,11
11837,11838,Layla,2006,F,AK,11
11838,11839,Naomi,2006,F,AK,11
11839,11840,Rebecca,2006,F,AK,11
11840,11841,Vanessa,2006,F,AK,11
11841,11842,Alexandra,2006,F,AK,10
11842,11843,Anya,2006,F,AK,10
11843,11844,Aubrey,2006,F,AK,10
11844,11845,Bailey,2006,F,AK,10
11845,11846,Clara,2006,F,AK,10
11846,11847,Evelyn,2006,F,AK,10
11847,11848,Gabrielle,2006,F,AK,10
11848,11849,Haley,2006,F,AK,10
11849,11850,Hazel,2006,F,AK,10
11850,11851,Kennedy,2006,F,AK,10
11851,11852,Megan,2006,F,AK,10
11852,11853,Trinity,2006,F,AK,10
11853,11854,Angelina,2006,F,AK,9
11854,11855,Claire,2006,F,AK,9
11855,11856,Dakota,2006,F,AK,9
11856,11857,Jade,2006,F,AK,9
11857,11858,Kyra,2006,F,AK,9
11858,11859,Lilly,2006,F,AK,9
11859,11860,Madeline,2006,F,AK,9
11860,11861,Mary,2006,F,AK,9
11861,11862,Natalia,2006,F,AK,9
11862,11863,Rylee,2006,F,AK,9
11863,11864,Violet,2006,F,AK,9
11864,11865,Zoey,2006,F,AK,9
11865,11866,Alana,2006,F,AK,8
11866,11867,Amy,2006,F,AK,8
11867,11868,Angela,2006,F,AK,8
11868,11869,Ashlyn,2006,F,AK,8
11869,11870,Autumn,2006,F,AK,8
11870,11871,Danielle,2006,F,AK,8
11871,11872,Heidi,2006,F,AK,8
11872,11873,Hope,2006,F,AK,8
11873,11874,Jennifer,2006,F,AK,8
11874,11875,Jillian,2006,F,AK,8
11875,11876,Kathryn,2006,F,AK,8
11876,11877,Marissa,2006,F,AK,8
11877,11878,Maya,2006,F,AK,8
11878,11879,Paige,2006,F,AK,8
11879,11880,Riley,2006,F,AK,8
11880,11881,Shelby,2006,F,AK,8
11881,11882,Adrianna,2006,F,AK,7
11882,11883,Alexandria,2006,F,AK,7
11883,11884,Amaya,2006,F,AK,7
11884,11885,Ashlynn,2006,F,AK,7
11885,11886,Aspen,2006,F,AK,7
11886,11887,Ayla,2006,F,AK,7
11887,11888,Delaney,2006,F,AK,7
11888,11889,Elena,2006,F,AK,7
11889,11890,Erin,2006,F,AK,7
11890,11891,Josephine,2006,F,AK,7
11891,11892,Julie,2006,F,AK,7
11892,11893,Katelynn,2006,F,AK,7
11893,11894,Kelly,2006,F,AK,7
11894,11895,Kelsey,2006,F,AK,7
11895,11896,Kiana,2006,F,AK,7
11896,11897,Kira,2006,F,AK,7
11897,11898,Laura,2006,F,AK,7
11898,11899,Leilani,2006,F,AK,7
11899,11900,Maggie,2006,F,AK,7
11900,11901,Margaret,2006,F,AK,7
11901,11902,Maria,2006,F,AK,7
11902,11903,Mariah,2006,F,AK,7
11903,11904,Melissa,2006,F,AK,7
11904,11905,Morgan,2006,F,AK,7
11905,11906,Nicole,2006,F,AK,7
11906,11907,Peyton,2006,F,AK,7
11907,11908,Sienna,2006,F,AK,7
11908,11909,Sydney,2006,F,AK,7
11909,11910,Aaliyah,2006,F,AK,6
11910,11911,Adeline,2006,F,AK,6
11911,11912,Adriana,2006,F,AK,6
11912,11913,Alexa,2006,F,AK,6
11913,11914,Allie,2006,F,AK,6
11914,11915,Anastasia,2006,F,AK,6
11915,11916,Brenna,2006,F,AK,6
11916,11917,Caitlin,2006,F,AK,6
11917,11918,Cassandra,2006,F,AK,6
11918,11919,Cassidy,2006,F,AK,6
11919,11920,Chelsea,2006,F,AK,6
11920,11921,Cheyenne,2006,F,AK,6
11921,11922,Diamond,2006,F,AK,6
11922,11923,Eleanor,2006,F,AK,6
11923,11924,Erica,2006,F,AK,6
11924,11925,Esther,2006,F,AK,6
11925,11926,Hailee,2006,F,AK,6
11926,11927,Jaylynn,2006,F,AK,6
11927,11928,Kara,2006,F,AK,6
11928,11929,Kayleigh,2006,F,AK,6
11929,11930,Kimberly,2006,F,AK,6
11930,11931,Kyla,2006,F,AK,6
11931,11932,Kylee,2006,F,AK,6
11932,11933,Lindsey,2006,F,AK,6
11933,11934,Makenna,2006,F,AK,6
11934,11935,Molly,2006,F,AK,6
11935,11936,Monica,2006,F,AK,6
11936,11937,Nora,2006,F,AK,6
11937,11938,Rowan,2006,F,AK,6
11938,11939,Sara,2006,F,AK,6
11939,11940,Shannon,2006,F,AK,6
11940,11941,Tatum,2006,F,AK,6
11941,11942,Tiffany,2006,F,AK,6
11942,11943,Willow,2006,F,AK,6
11943,11944,Avery,2006,F,AK,5
11944,11945,Breanna,2006,F,AK,5
11945,11946,Camryn,2006,F,AK,5
11946,11947,Carly,2006,F,AK,5
11947,11948,Caroline,2006,F,AK,5
11948,11949,Cecelia,2006,F,AK,5
11949,11950,Celeste,2006,F,AK,5
11950,11951,Charlotte,2006,F,AK,5
11951,11952,Daisy,2006,F,AK,5
11952,11953,Danika,2006,F,AK,5
11953,11954,Eliza,2006,F,AK,5
11954,11955,Genevieve,2006,F,AK,5
11955,11956,Gracie,2006,F,AK,5
11956,11957,Holly,2006,F,AK,5
11957,11958,Jada,2006,F,AK,5
11958,11959,Jocelyn,2006,F,AK,5
11959,11960,Kailey,2006,F,AK,5
11960,11961,Kamryn,2006,F,AK,5
11961,11962,Katrina,2006,F,AK,5
11962,11963,Kendall,2006,F,AK,5
11963,11964,Leah,2006,F,AK,5
11964,11965,Liberty,2006,F,AK,5
11965,11966,Lucy,2006,F,AK,5
11966,11967,Maddison,2006,F,AK,5
11967,11968,Madeleine,2006,F,AK,5
11968,11969,Marina,2006,F,AK,5
11969,11970,Nadine,2006,F,AK,5
11970,11971,Noelle,2006,F,AK,5
11971,11972,Patricia,2006,F,AK,5
11972,11973,Phoebe,2006,F,AK,5
11973,11974,Rachael,2006,F,AK,5
11974,11975,Rayna,2006,F,AK,5
11975,11976,Reagan,2006,F,AK,5
11976,11977,Rebekah,2006,F,AK,5
11977,11978,Sabrina,2006,F,AK,5
11978,11979,Sage,2006,F,AK,5
11979,11980,Sasha,2006,F,AK,5
11980,11981,Scarlett,2006,F,AK,5
11981,11982,Selah,2006,F,AK,5
11982,11983,Serena,2006,F,AK,5
11983,11984,Skye,2006,F,AK,5
11984,11985,Skylar,2006,F,AK,5
11985,11986,Sofia,2006,F,AK,5
11986,11987,Stella,2006,F,AK,5
11987,11988,Summer,2006,F,AK,5
11988,11989,Isabella,2007,F,AK,52
11989,11990,Emily,2007,F,AK,43
11990,11991,Madison,2007,F,AK,43
11991,11992,Ava,2007,F,AK,42
11992,11993,Abigail,2007,F,AK,41
11993,11994,Emma,2007,F,AK,41
11994,11995,Sophia,2007,F,AK,39
11995,11996,Olivia,2007,F,AK,33
11996,11997,Alyssa,2007,F,AK,32
11997,11998,Natalie,2007,F,AK,30
11998,11999,Hannah,2007,F,AK,29
11999,12000,Hailey,2007,F,AK,28
12000,12001,Lillian,2007,F,AK,28
12001,12002,Lily,2007,F,AK,27
12002,12003,Elizabeth,2007,F,AK,26
12003,12004,Grace,2007,F,AK,25
12004,12005,Sarah,2007,F,AK,25
12005,12006,Chloe,2007,F,AK,24
12006,12007,Ella,2007,F,AK,23
12007,12008,Mia,2007,F,AK,23
12008,12009,Addison,2007,F,AK,22
12009,12010,Alexis,2007,F,AK,22
12010,12011,Anna,2007,F,AK,21
12011,12012,Ashley,2007,F,AK,21
12012,12013,Taylor,2007,F,AK,20
12013,12014,Aurora,2007,F,AK,19
12014,12015,Samantha,2007,F,AK,19
12015,12016,Trinity,2007,F,AK,19
12016,12017,Faith,2007,F,AK,18
12017,12018,Sierra,2007,F,AK,18
12018,12019,Riley,2007,F,AK,17
12019,12020,Savannah,2007,F,AK,17
12020,12021,Zoe,2007,F,AK,17
12021,12022,Charlotte,2007,F,AK,16
12022,12023,Adriana,2007,F,AK,15
12023,12024,Brooke,2007,F,AK,15
12024,12025,Brooklyn,2007,F,AK,15
12025,12026,Jasmine,2007,F,AK,15
12026,12027,Jessica,2007,F,AK,15
12027,12028,Katelyn,2007,F,AK,15
12028,12029,Layla,2007,F,AK,15
12029,12030,Mackenzie,2007,F,AK,15
12030,12031,Nevaeh,2007,F,AK,15
12031,12032,Paige,2007,F,AK,15
12032,12033,Rachel,2007,F,AK,15
12033,12034,Aaliyah,2007,F,AK,14
12034,12035,Audrey,2007,F,AK,14
12035,12036,Evelyn,2007,F,AK,14
12036,12037,Kaylee,2007,F,AK,14
12037,12038,Kylie,2007,F,AK,14
12038,12039,Mya,2007,F,AK,14
12039,12040,Allison,2007,F,AK,13
12040,12041,Autumn,2007,F,AK,13
12041,12042,Julia,2007,F,AK,13
12042,12043,Makayla,2007,F,AK,13
12043,12044,Sienna,2007,F,AK,13
12044,12045,Aubrey,2007,F,AK,12
12045,12046,Brianna,2007,F,AK,12
12046,12047,Claire,2007,F,AK,12
12047,12048,Gabriella,2007,F,AK,12
12048,12049,Kaitlyn,2007,F,AK,12
12049,12050,Lauren,2007,F,AK,12
12050,12051,Naomi,2007,F,AK,12
12051,12052,Rebecca,2007,F,AK,12
12052,12053,Sadie,2007,F,AK,12
12053,12054,Sydney,2007,F,AK,12
12054,12055,Alana,2007,F,AK,11
12055,12056,Ashlyn,2007,F,AK,11
12056,12057,Cadence,2007,F,AK,11
12057,12058,Jada,2007,F,AK,11
12058,12059,Jocelyn,2007,F,AK,11
12059,12060,Josephine,2007,F,AK,11
12060,12061,Katie,2007,F,AK,11
12061,12062,Keira,2007,F,AK,11
12062,12063,Mary,2007,F,AK,11
12063,12064,Maya,2007,F,AK,11
12064,12065,Amelia,2007,F,AK,10
12065,12066,Angelina,2007,F,AK,10
12066,12067,Bailey,2007,F,AK,10
12067,12068,Cheyenne,2007,F,AK,10
12068,12069,Destiny,2007,F,AK,10
12069,12070,Hayden,2007,F,AK,10
12070,12071,Jenna,2007,F,AK,10
12071,12072,Jordan,2007,F,AK,10
12072,12073,Kayla,2007,F,AK,10
12073,12074,Leah,2007,F,AK,10
12074,12075,Lydia,2007,F,AK,10
12075,12076,Morgan,2007,F,AK,10
12076,12077,Violet,2007,F,AK,10
12077,12078,Adrianna,2007,F,AK,9
12078,12079,Aliyah,2007,F,AK,9
12079,12080,Ariana,2007,F,AK,9
12080,12081,Arianna,2007,F,AK,9
12081,12082,Danielle,2007,F,AK,9
12082,12083,Isabel,2007,F,AK,9
12083,12084,Katherine,2007,F,AK,9
12084,12085,Madeline,2007,F,AK,9
12085,12086,Mariah,2007,F,AK,9
12086,12087,Molly,2007,F,AK,9
12087,12088,Serenity,2007,F,AK,9
12088,12089,Zoey,2007,F,AK,9
12089,12090,Alexa,2007,F,AK,8
12090,12091,Avery,2007,F,AK,8
12091,12092,Caitlyn,2007,F,AK,8
12092,12093,Elise,2007,F,AK,8
12093,12094,Hope,2007,F,AK,8
12094,12095,Isabelle,2007,F,AK,8
12095,12096,Jamie,2007,F,AK,8
12096,12097,Kyla,2007,F,AK,8
12097,12098,Lila,2007,F,AK,8
12098,12099,Madelyn,2007,F,AK,8
12099,12100,Makenna,2007,F,AK,8
12100,12101,Megan,2007,F,AK,8
12101,12102,Nicole,2007,F,AK,8
12102,12103,Peyton,2007,F,AK,8
12103,12104,Ruby,2007,F,AK,8
12104,12105,Shelby,2007,F,AK,8
12105,12106,Summer,2007,F,AK,8
12106,12107,Tessa,2007,F,AK,8
12107,12108,Victoria,2007,F,AK,8
12108,12109,Alayna,2007,F,AK,7
12109,12110,Alexandra,2007,F,AK,7
12110,12111,Alexandria,2007,F,AK,7
12111,12112,Amber,2007,F,AK,7
12112,12113,Anastasia,2007,F,AK,7
12113,12114,Andrea,2007,F,AK,7
12114,12115,Angel,2007,F,AK,7
12115,12116,Daisy,2007,F,AK,7
12116,12117,Esther,2007,F,AK,7
12117,12118,Hazel,2007,F,AK,7
12118,12119,Heidi,2007,F,AK,7
12119,12120,Iris,2007,F,AK,7
12120,12121,Jade,2007,F,AK,7
12121,12122,Jennifer,2007,F,AK,7
12122,12123,Jillian,2007,F,AK,7
12123,12124,Jordyn,2007,F,AK,7
12124,12125,Kali,2007,F,AK,7
12125,12126,Kendra,2007,F,AK,7
12126,12127,Kiana,2007,F,AK,7
12127,12128,Kristina,2007,F,AK,7
12128,12129,Lucy,2007,F,AK,7
12129,12130,Makenzie,2007,F,AK,7
12130,12131,Malia,2007,F,AK,7
12131,12132,Maria,2007,F,AK,7
12132,12133,Mckenzie,2007,F,AK,7
12133,12134,Michelle,2007,F,AK,7
12134,12135,Sophie,2007,F,AK,7
12135,12136,Willow,2007,F,AK,7
12136,12137,Amanda,2007,F,AK,6
12137,12138,Ashlynn,2007,F,AK,6
12138,12139,Bethany,2007,F,AK,6
12139,12140,Cassidy,2007,F,AK,6
12140,12141,Chelsea,2007,F,AK,6
12141,12142,Ellie,2007,F,AK,6
12142,12143,Eva,2007,F,AK,6
12143,12144,Genevieve,2007,F,AK,6
12144,12145,Gracie,2007,F,AK,6
12145,12146,Haley,2007,F,AK,6
12146,12147,Kadence,2007,F,AK,6
12147,12148,Kailey,2007,F,AK,6
12148,12149,Kaydence,2007,F,AK,6
12149,12150,Kennedy,2007,F,AK,6
12150,12151,Kira,2007,F,AK,6
12151,12152,Kyra,2007,F,AK,6
12152,12153,Lacey,2007,F,AK,6
12153,12154,Madisyn,2007,F,AK,6
12154,12155,Mckenna,2007,F,AK,6
12155,12156,Melissa,2007,F,AK,6
12156,12157,Natasha,2007,F,AK,6
12157,12158,Reagan,2007,F,AK,6
12158,12159,Rhiannon,2007,F,AK,6
12159,12160,Sara,2007,F,AK,6
12160,12161,Savanna,2007,F,AK,6
12161,12162,Sofia,2007,F,AK,6
12162,12163,Talia,2007,F,AK,6
12163,12164,Vanessa,2007,F,AK,6
12164,12165,Alaina,2007,F,AK,5
12165,12166,Alice,2007,F,AK,5
12166,12167,Alisa,2007,F,AK,5
12167,12168,Amara,2007,F,AK,5
12168,12169,Ariel,2007,F,AK,5
12169,12170,Athena,2007,F,AK,5
12170,12171,Ayla,2007,F,AK,5
12171,12172,Danika,2007,F,AK,5
12172,12173,Jayden,2007,F,AK,5
12173,12174,Julianna,2007,F,AK,5
12174,12175,Kaelyn,2007,F,AK,5
12175,12176,Katelynn,2007,F,AK,5
12176,12177,Kathryn,2007,F,AK,5
12177,12178,Kayleigh,2007,F,AK,5
12178,12179,Kelsey,2007,F,AK,5
12179,12180,Kylee,2007,F,AK,5
12180,12181,Lindsey,2007,F,AK,5
12181,12182,Maggie,2007,F,AK,5
12182,12183,Melody,2007,F,AK,5
12183,12184,Mikayla,2007,F,AK,5
12184,12185,Natalia,2007,F,AK,5
12185,12186,Reese,2007,F,AK,5
12186,12187,Sarina,2007,F,AK,5
12187,12188,Emma,2008,F,AK,51
12188,12189,Ava,2008,F,AK,40
12189,12190,Abigail,2008,F,AK,39
12190,12191,Sophia,2008,F,AK,38
12191,12192,Isabella,2008,F,AK,37
12192,12193,Olivia,2008,F,AK,37
12193,12194,Emily,2008,F,AK,36
12194,12195,Elizabeth,2008,F,AK,34
12195,12196,Madison,2008,F,AK,34
12196,12197,Alyssa,2008,F,AK,33
12197,12198,Chloe,2008,F,AK,32
12198,12199,Hailey,2008,F,AK,28
12199,12200,Lily,2008,F,AK,27
12200,12201,Taylor,2008,F,AK,27
12201,12202,Aurora,2008,F,AK,26
12202,12203,Lillian,2008,F,AK,25
12203,12204,Autumn,2008,F,AK,24
12204,12205,Hannah,2008,F,AK,24
12205,12206,Grace,2008,F,AK,23
12206,12207,Alexis,2008,F,AK,22
12207,12208,Natalie,2008,F,AK,22
12208,12209,Sarah,2008,F,AK,22
12209,12210,Anna,2008,F,AK,21
12210,12211,Nevaeh,2008,F,AK,21
12211,12212,Savannah,2008,F,AK,20
12212,12213,Trinity,2008,F,AK,20
12213,12214,Faith,2008,F,AK,19
12214,12215,Samantha,2008,F,AK,19
12215,12216,Addison,2008,F,AK,17
12216,12217,Amelia,2008,F,AK,17
12217,12218,Ella,2008,F,AK,17
12218,12219,Jasmine,2008,F,AK,17
12219,12220,Makayla,2008,F,AK,17
12220,12221,Riley,2008,F,AK,17
12221,12222,Destiny,2008,F,AK,16
12222,12223,Serenity,2008,F,AK,16
12223,12224,Zoe,2008,F,AK,16
12224,12225,Allison,2008,F,AK,15
12225,12226,Mia,2008,F,AK,15
12226,12227,Rachel,2008,F,AK,15
12227,12228,Sierra,2008,F,AK,15
12228,12229,Victoria,2008,F,AK,15
12229,12230,Audrey,2008,F,AK,14
12230,12231,Avery,2008,F,AK,14
12231,12232,Brooklyn,2008,F,AK,14
12232,12233,Jade,2008,F,AK,14
12233,12234,Kylie,2008,F,AK,14
12234,12235,Peyton,2008,F,AK,14
12235,12236,Piper,2008,F,AK,14
12236,12237,Julia,2008,F,AK,13
12237,12238,Katherine,2008,F,AK,13
12238,12239,Kayla,2008,F,AK,13
12239,12240,Aubrey,2008,F,AK,12
12240,12241,Bella,2008,F,AK,12
12241,12242,Brooke,2008,F,AK,12
12242,12243,Catherine,2008,F,AK,12
12243,12244,Gabriella,2008,F,AK,12
12244,12245,Keira,2008,F,AK,12
12245,12246,Mary,2008,F,AK,12
12246,12247,Angelina,2008,F,AK,11
12247,12248,Arianna,2008,F,AK,11
12248,12249,Ashley,2008,F,AK,11
12249,12250,Erin,2008,F,AK,11
12250,12251,Gracie,2008,F,AK,11
12251,12252,Isabelle,2008,F,AK,11
12252,12253,Kaylee,2008,F,AK,11
12253,12254,Lilly,2008,F,AK,11
12254,12255,Mariah,2008,F,AK,11
12255,12256,Molly,2008,F,AK,11
12256,12257,Aaliyah,2008,F,AK,10
12257,12258,Amber,2008,F,AK,10
12258,12259,Claire,2008,F,AK,10
12259,12260,Delilah,2008,F,AK,10
12260,12261,Eva,2008,F,AK,10
12261,12262,Isabel,2008,F,AK,10
12262,12263,Kaitlyn,2008,F,AK,10
12263,12264,Katelyn,2008,F,AK,10
12264,12265,Kylee,2008,F,AK,10
12265,12266,Lauren,2008,F,AK,10
12266,12267,Morgan,2008,F,AK,10
12267,12268,Nicole,2008,F,AK,10
12268,12269,Shelby,2008,F,AK,10
12269,12270,Sydney,2008,F,AK,10
12270,12271,Alexandra,2008,F,AK,9
12271,12272,Andrea,2008,F,AK,9
12272,12273,Ariana,2008,F,AK,9
12273,12274,Ayla,2008,F,AK,9
12274,12275,Bailey,2008,F,AK,9
12275,12276,Brianna,2008,F,AK,9
12276,12277,Gabrielle,2008,F,AK,9
12277,12278,Jada,2008,F,AK,9
12278,12279,Leila,2008,F,AK,9
12279,12280,Lucy,2008,F,AK,9
12280,12281,Megan,2008,F,AK,9
12281,12282,Melody,2008,F,AK,9
12282,12283,Miley,2008,F,AK,9
12283,12284,Paige,2008,F,AK,9
12284,12285,Rylee,2008,F,AK,9
12285,12286,Alivia,2008,F,AK,8
12286,12287,Amanda,2008,F,AK,8
12287,12288,Ashlyn,2008,F,AK,8
12288,12289,Brooklynn,2008,F,AK,8
12289,12290,Cassidy,2008,F,AK,8
12290,12291,Charlotte,2008,F,AK,8
12291,12292,Haley,2008,F,AK,8
12292,12293,Harmony,2008,F,AK,8
12293,12294,Hazel,2008,F,AK,8
12294,12295,Jessica,2008,F,AK,8
12295,12296,Jillian,2008,F,AK,8
12296,12297,Jocelyn,2008,F,AK,8
12297,12298,Josephine,2008,F,AK,8
12298,12299,Kelsey,2008,F,AK,8
12299,12300,Kiara,2008,F,AK,8
12300,12301,Marley,2008,F,AK,8
12301,12302,Mya,2008,F,AK,8
12302,12303,Sadie,2008,F,AK,8
12303,12304,Scarlett,2008,F,AK,8
12304,12305,Sienna,2008,F,AK,8
12305,12306,Valerie,2008,F,AK,8
12306,12307,Veronica,2008,F,AK,8
12307,12308,Vivian,2008,F,AK,8
12308,12309,Alexa,2008,F,AK,7
12309,12310,Alexia,2008,F,AK,7
12310,12311,Alicia,2008,F,AK,7
12311,12312,Angel,2008,F,AK,7
12312,12313,Cora,2008,F,AK,7
12313,12314,Denali,2008,F,AK,7
12314,12315,Hayden,2008,F,AK,7
12315,12316,Izabella,2008,F,AK,7
12316,12317,Kayleigh,2008,F,AK,7
12317,12318,Kaylynn,2008,F,AK,7
12318,12319,Kira,2008,F,AK,7
12319,12320,Laila,2008,F,AK,7
12320,12321,Layla,2008,F,AK,7
12321,12322,Leah,2008,F,AK,7
12322,12323,Lena,2008,F,AK,7
12323,12324,Lydia,2008,F,AK,7
12324,12325,Mackenzie,2008,F,AK,7
12325,12326,Madeline,2008,F,AK,7
12326,12327,Maya,2008,F,AK,7
12327,12328,Michelle,2008,F,AK,7
12328,12329,Naomi,2008,F,AK,7
12329,12330,Natasha,2008,F,AK,7
12330,12331,Payton,2008,F,AK,7
12331,12332,Rebecca,2008,F,AK,7
12332,12333,Ruby,2008,F,AK,7
12333,12334,Willow,2008,F,AK,7
12334,12335,Alice,2008,F,AK,6
12335,12336,Aliyah,2008,F,AK,6
12336,12337,Alora,2008,F,AK,6
12337,12338,Annabelle,2008,F,AK,6
12338,12339,Aryanna,2008,F,AK,6
12339,12340,Bethany,2008,F,AK,6
12340,12341,Bristol,2008,F,AK,6
12341,12342,Caroline,2008,F,AK,6
12342,12343,Christina,2008,F,AK,6
12343,12344,Clara,2008,F,AK,6
12344,12345,Delaney,2008,F,AK,6
12345,12346,Eleanor,2008,F,AK,6
12346,12347,Elena,2008,F,AK,6
12347,12348,Elise,2008,F,AK,6
12348,12349,Evelyn,2008,F,AK,6
12349,12350,Heidi,2008,F,AK,6
12350,12351,Holly,2008,F,AK,6
12351,12352,Isla,2008,F,AK,6
12352,12353,Jordan,2008,F,AK,6
12353,12354,Kailey,2008,F,AK,6
12354,12355,Katie,2008,F,AK,6
12355,12356,Khloe,2008,F,AK,6
12356,12357,Kiana,2008,F,AK,6
12357,12358,Liberty,2008,F,AK,6
12358,12359,Lyla,2008,F,AK,6
12359,12360,Macy,2008,F,AK,6
12360,12361,Madelyn,2008,F,AK,6
12361,12362,Mckenzie,2008,F,AK,6
12362,12363,Nadia,2008,F,AK,6
12363,12364,Rebekah,2008,F,AK,6
12364,12365,Sara,2008,F,AK,6
12365,12366,Sasha,2008,F,AK,6
12366,12367,Shyla,2008,F,AK,6
12367,12368,Sofia,2008,F,AK,6
12368,12369,Tessa,2008,F,AK,6
12369,12370,Vanessa,2008,F,AK,6
12370,12371,Zoey,2008,F,AK,6
12371,12372,Alaina,2008,F,AK,5
12372,12373,Alissa,2008,F,AK,5
12373,12374,Anastasia,2008,F,AK,5
12374,12375,Angelica,2008,F,AK,5
12375,12376,Cadence,2008,F,AK,5
12376,12377,Cassandra,2008,F,AK,5
12377,12378,Cheyenne,2008,F,AK,5
12378,12379,Claudia,2008,F,AK,5
12379,12380,Courtney,2008,F,AK,5
12380,12381,Danielle,2008,F,AK,5
12381,12382,Eden,2008,F,AK,5
12382,12383,Felicity,2008,F,AK,5
12383,12384,Genevieve,2008,F,AK,5
12384,12385,Helena,2008,F,AK,5
12385,12386,Jenna,2008,F,AK,5
12386,12387,Jennifer,2008,F,AK,5
12387,12388,Jessie,2008,F,AK,5
12388,12389,Julie,2008,F,AK,5
12389,12390,Kaia,2008,F,AK,5
12390,12391,Karina,2008,F,AK,5
12391,12392,Kennedy,2008,F,AK,5
12392,12393,Kenzie,2008,F,AK,5
12393,12394,Lauryn,2008,F,AK,5
12394,12395,Lila,2008,F,AK,5
12395,12396,Lilah,2008,F,AK,5
12396,12397,Liliana,2008,F,AK,5
12397,12398,London,2008,F,AK,5
12398,12399,Madilyn,2008,F,AK,5
12399,12400,Makenna,2008,F,AK,5
12400,12401,Makenzie,2008,F,AK,5
12401,12402,Marissa,2008,F,AK,5
12402,12403,Melanie,2008,F,AK,5
12403,12404,Penelope,2008,F,AK,5
12404,12405,Reagan,2008,F,AK,5
12405,12406,Rowan,2008,F,AK,5
12406,12407,Sabrina,2008,F,AK,5
12407,12408,Sophie,2008,F,AK,5
12408,12409,Stella,2008,F,AK,5
12409,12410,Tatum,2008,F,AK,5
12410,12411,Violet,2008,F,AK,5
12411,12412,Winter,2008,F,AK,5
12412,12413,Isabella,2009,F,AK,57
12413,12414,Sophia,2009,F,AK,46
12414,12415,Olivia,2009,F,AK,45
12415,12416,Abigail,2009,F,AK,43
12416,12417,Ava,2009,F,AK,41
12417,12418,Emma,2009,F,AK,38
12418,12419,Madison,2009,F,AK,37
12419,12420,Chloe,2009,F,AK,34
12420,12421,Emily,2009,F,AK,32
12421,12422,Elizabeth,2009,F,AK,29
12422,12423,Lily,2009,F,AK,26
12423,12424,Alexis,2009,F,AK,24
12424,12425,Brooklyn,2009,F,AK,24
12425,12426,Lillian,2009,F,AK,24
12426,12427,Riley,2009,F,AK,24
12427,12428,Sarah,2009,F,AK,23
12428,12429,Aurora,2009,F,AK,22
12429,12430,Lucy,2009,F,AK,22
12430,12431,Alyssa,2009,F,AK,20
12431,12432,Anna,2009,F,AK,20
12432,12433,Hailey,2009,F,AK,20
12433,12434,Kaylee,2009,F,AK,20
12434,12435,Ella,2009,F,AK,19
12435,12436,Grace,2009,F,AK,19
12436,12437,Savannah,2009,F,AK,19
12437,12438,Taylor,2009,F,AK,19
12438,12439,Trinity,2009,F,AK,19
12439,12440,Avery,2009,F,AK,18
12440,12441,Bella,2009,F,AK,18
12441,12442,Destiny,2009,F,AK,18
12442,12443,Mia,2009,F,AK,18
12443,12444,Samantha,2009,F,AK,18
12444,12445,Addison,2009,F,AK,17
12445,12446,Autumn,2009,F,AK,17
12446,12447,Claire,2009,F,AK,17
12447,12448,Hannah,2009,F,AK,17
12448,12449,Natalie,2009,F,AK,17
12449,12450,Peyton,2009,F,AK,17
12450,12451,Victoria,2009,F,AK,17
12451,12452,Aubrey,2009,F,AK,16
12452,12453,Keira,2009,F,AK,16
12453,12454,Madelyn,2009,F,AK,16
12454,12455,Gabriella,2009,F,AK,15
12455,12456,Kylie,2009,F,AK,15
12456,12457,Maya,2009,F,AK,15
12457,12458,Amelia,2009,F,AK,14
12458,12459,Eva,2009,F,AK,14
12459,12460,Faith,2009,F,AK,14
12460,12461,Jocelyn,2009,F,AK,14
12461,12462,Kaitlyn,2009,F,AK,14
12462,12463,Nevaeh,2009,F,AK,14
12463,12464,Aaliyah,2009,F,AK,13
12464,12465,Allison,2009,F,AK,13
12465,12466,Lauren,2009,F,AK,13
12466,12467,Charlotte,2009,F,AK,12
12467,12468,Gracie,2009,F,AK,12
12468,12469,Isabelle,2009,F,AK,12
12469,12470,Jordan,2009,F,AK,12
12470,12471,Layla,2009,F,AK,12
12471,12472,Payton,2009,F,AK,12
12472,12473,Ruby,2009,F,AK,12
12473,12474,Rylee,2009,F,AK,12
12474,12475,Sydney,2009,F,AK,12
12475,12476,Zoey,2009,F,AK,12
12476,12477,Alexandria,2009,F,AK,11
12477,12478,Ariana,2009,F,AK,11
12478,12479,Arianna,2009,F,AK,11
12479,12480,Audrey,2009,F,AK,11
12480,12481,Clara,2009,F,AK,11
12481,12482,Jade,2009,F,AK,11
12482,12483,Jenna,2009,F,AK,11
12483,12484,Lilly,2009,F,AK,11
12484,12485,Molly,2009,F,AK,11
12485,12486,Zoe,2009,F,AK,11
12486,12487,Brooke,2009,F,AK,10
12487,12488,Danielle,2009,F,AK,10
12488,12489,Evelyn,2009,F,AK,10
12489,12490,Gabrielle,2009,F,AK,10
12490,12491,Haley,2009,F,AK,10
12491,12492,Jordyn,2009,F,AK,10
12492,12493,Makayla,2009,F,AK,10
12493,12494,Sierra,2009,F,AK,10
12494,12495,Summer,2009,F,AK,10
12495,12496,Alexandra,2009,F,AK,9
12496,12497,Angela,2009,F,AK,9
12497,12498,Athena,2009,F,AK,9
12498,12499,Brooklynn,2009,F,AK,9
12499,12500,Isabel,2009,F,AK,9
12500,12501,Jasmine,2009,F,AK,9
12501,12502,Josephine,2009,F,AK,9
12502,12503,Leah,2009,F,AK,9
12503,12504,Lydia,2009,F,AK,9
12504,12505,Madeline,2009,F,AK,9
12505,12506,Naomi,2009,F,AK,9
12506,12507,Serenity,2009,F,AK,9
12507,12508,Teagan,2009,F,AK,9
12508,12509,Violet,2009,F,AK,9
12509,12510,Adeline,2009,F,AK,8
12510,12511,Alana,2009,F,AK,8
12511,12512,Brianna,2009,F,AK,8
12512,12513,Cadence,2009,F,AK,8
12513,12514,Harmony,2009,F,AK,8
12514,12515,Hayden,2009,F,AK,8
12515,12516,Kathryn,2009,F,AK,8
12516,12517,Kendra,2009,F,AK,8
12517,12518,Kylee,2009,F,AK,8
12518,12519,Madilyn,2009,F,AK,8
12519,12520,Megan,2009,F,AK,8
12520,12521,Morgan,2009,F,AK,8
12521,12522,Rachel,2009,F,AK,8
12522,12523,Sadie,2009,F,AK,8
12523,12524,Shelby,2009,F,AK,8
12524,12525,Stephanie,2009,F,AK,8
12525,12526,Willow,2009,F,AK,8
12526,12527,Alivia,2009,F,AK,7
12527,12528,Amy,2009,F,AK,7
12528,12529,Andrea,2009,F,AK,7
12529,12530,Annabelle,2009,F,AK,7
12530,12531,Ashley,2009,F,AK,7
12531,12532,Ashlynn,2009,F,AK,7
12532,12533,Caroline,2009,F,AK,7
12533,12534,Cheyenne,2009,F,AK,7
12534,12535,Erin,2009,F,AK,7
12535,12536,Fiona,2009,F,AK,7
12536,12537,Harper,2009,F,AK,7
12537,12538,Jamie,2009,F,AK,7
12538,12539,Jessica,2009,F,AK,7
12539,12540,Katelyn,2009,F,AK,7
12540,12541,Katelynn,2009,F,AK,7
12541,12542,Katie,2009,F,AK,7
12542,12543,Kaydence,2009,F,AK,7
12543,12544,Kennedy,2009,F,AK,7
12544,12545,Mariah,2009,F,AK,7
12545,12546,Mckinley,2009,F,AK,7
12546,12547,Natasha,2009,F,AK,7
12547,12548,Piper,2009,F,AK,7
12548,12549,Rebecca,2009,F,AK,7
12549,12550,Vivian,2009,F,AK,7
12550,12551,Alaina,2009,F,AK,6
12551,12552,Anastasia,2009,F,AK,6
12552,12553,Anya,2009,F,AK,6
12553,12554,Cassidy,2009,F,AK,6
12554,12555,Chelsea,2009,F,AK,6
12555,12556,Cora,2009,F,AK,6
12556,12557,Ember,2009,F,AK,6
12557,12558,Haylee,2009,F,AK,6
12558,12559,Hayley,2009,F,AK,6
12559,12560,Helen,2009,F,AK,6
12560,12561,Iris,2009,F,AK,6
12561,12562,Izabella,2009,F,AK,6
12562,12563,Jennifer,2009,F,AK,6
12563,12564,Kiana,2009,F,AK,6
12564,12565,Kiera,2009,F,AK,6
12565,12566,Macy,2009,F,AK,6
12566,12567,Mary,2009,F,AK,6
12567,12568,Mckenzie,2009,F,AK,6
12568,12569,Michelle,2009,F,AK,6
12569,12570,Rachael,2009,F,AK,6
12570,12571,Reese,2009,F,AK,6
12571,12572,Scarlett,2009,F,AK,6
12572,12573,Adrianna,2009,F,AK,5
12573,12574,Alexia,2009,F,AK,5
12574,12575,Aliyah,2009,F,AK,5
12575,12576,Amaya,2009,F,AK,5
12576,12577,Aniya,2009,F,AK,5
12577,12578,Aria,2009,F,AK,5
12578,12579,Ashlyn,2009,F,AK,5
12579,12580,Bailey,2009,F,AK,5
12580,12581,Caitlin,2009,F,AK,5
12581,12582,Carmen,2009,F,AK,5
12582,12583,Cassandra,2009,F,AK,5
12583,12584,Dakota,2009,F,AK,5
12584,12585,Eden,2009,F,AK,5
12585,12586,Eliana,2009,F,AK,5
12586,12587,Heather,2009,F,AK,5
12587,12588,Hope,2009,F,AK,5
12588,12589,Jacqueline,2009,F,AK,5
12589,12590,Jayden,2009,F,AK,5
12590,12591,Jazmine,2009,F,AK,5
12591,12592,Juliana,2009,F,AK,5
12592,12593,Kaelyn,2009,F,AK,5
12593,12594,Kailyn,2009,F,AK,5
12594,12595,Kara,2009,F,AK,5
12595,12596,Kate,2009,F,AK,5
12596,12597,Katherine,2009,F,AK,5
12597,12598,Kayla,2009,F,AK,5
12598,12599,Kelsey,2009,F,AK,5
12599,12600,Kendall,2009,F,AK,5
12600,12601,Khloe,2009,F,AK,5
12601,12602,Kira,2009,F,AK,5
12602,12603,Kyla,2009,F,AK,5
12603,12604,Kyra,2009,F,AK,5
12604,12605,Lena,2009,F,AK,5
12605,12606,Lila,2009,F,AK,5
12606,12607,Mackenzie,2009,F,AK,5
12607,12608,Madalyn,2009,F,AK,5
12608,12609,Makenzie,2009,F,AK,5
12609,12610,Margaret,2009,F,AK,5
12610,12611,Marin,2009,F,AK,5
12611,12612,Mckenna,2009,F,AK,5
12612,12613,Mikayla,2009,F,AK,5
12613,12614,Mya,2009,F,AK,5
12614,12615,Nicole,2009,F,AK,5
12615,12616,Nina,2009,F,AK,5
12616,12617,Paige,2009,F,AK,5
12617,12618,Reagan,2009,F,AK,5
12618,12619,Sage,2009,F,AK,5
12619,12620,Serena,2009,F,AK,5
12620,12621,Sofia,2009,F,AK,5
12621,12622,Stella,2009,F,AK,5
12622,12623,Tessa,2009,F,AK,5
12623,12624,Vanessa,2009,F,AK,5
12624,12625,Sophia,2010,F,AK,60
12625,12626,Emma,2010,F,AK,51
12626,12627,Isabella,2010,F,AK,51
12627,12628,Olivia,2010,F,AK,44
12628,12629,Ava,2010,F,AK,33
12629,12630,Abigail,2010,F,AK,30
12630,12631,Hannah,2010,F,AK,29
12631,12632,Madison,2010,F,AK,29
12632,12633,Elizabeth,2010,F,AK,28
12633,12634,Grace,2010,F,AK,28
12634,12635,Lily,2010,F,AK,28
12635,12636,Chloe,2010,F,AK,27
12636,12637,Alyssa,2010,F,AK,25
12637,12638,Amelia,2010,F,AK,25
12638,12639,Emily,2010,F,AK,25
12639,12640,Arianna,2010,F,AK,24
12640,12641,Ella,2010,F,AK,23
12641,12642,Natalie,2010,F,AK,23
12642,12643,Anna,2010,F,AK,22
12643,12644,Lillian,2010,F,AK,22
12644,12645,Peyton,2010,F,AK,22
12645,12646,Kaylee,2010,F,AK,21
12646,12647,Avery,2010,F,AK,19
12647,12648,Zoe,2010,F,AK,19
12648,12649,Zoey,2010,F,AK,19
12649,12650,Hailey,2010,F,AK,18
12650,12651,Nevaeh,2010,F,AK,18
12651,12652,Addison,2010,F,AK,17
12652,12653,Aurora,2010,F,AK,17
12653,12654,Brooklyn,2010,F,AK,17
12654,12655,Isabelle,2010,F,AK,17
12655,12656,Kylie,2010,F,AK,17
12656,12657,Riley,2010,F,AK,17
12657,12658,Alexis,2010,F,AK,16
12658,12659,Audrey,2010,F,AK,16
12659,12660,Autumn,2010,F,AK,16
12660,12661,Jocelyn,2010,F,AK,16
12661,12662,Sarah,2010,F,AK,16
12662,12663,Savannah,2010,F,AK,16
12663,12664,Aubrey,2010,F,AK,15
12664,12665,Gabriella,2010,F,AK,15
12665,12666,Khloe,2010,F,AK,15
12666,12667,Mary,2010,F,AK,15
12667,12668,Samantha,2010,F,AK,15
12668,12669,Violet,2010,F,AK,15
12669,12670,Faith,2010,F,AK,14
12670,12671,Lucy,2010,F,AK,14
12671,12672,Mikayla,2010,F,AK,14
12672,12673,Rebecca,2010,F,AK,14
12673,12674,Sydney,2010,F,AK,14
12674,12675,Taylor,2010,F,AK,14
12675,12676,Trinity,2010,F,AK,14
12676,12677,Ariana,2010,F,AK,13
12677,12678,Eva,2010,F,AK,13
12678,12679,Evelyn,2010,F,AK,13
12679,12680,Kinley,2010,F,AK,13
12680,12681,Kira,2010,F,AK,13
12681,12682,Leah,2010,F,AK,13
12682,12683,Mackenzie,2010,F,AK,13
12683,12684,Allison,2010,F,AK,12
12684,12685,Bella,2010,F,AK,12
12685,12686,Claire,2010,F,AK,12
12686,12687,Gabrielle,2010,F,AK,12
12687,12688,Gianna,2010,F,AK,12
12688,12689,Kaitlyn,2010,F,AK,12
12689,12690,Layla,2010,F,AK,12
12690,12691,Mariah,2010,F,AK,12
12691,12692,Ruby,2010,F,AK,12
12692,12693,Sophie,2010,F,AK,12
12693,12694,Ashley,2010,F,AK,11
12694,12695,Brooke,2010,F,AK,11
12695,12696,Ellie,2010,F,AK,11
12696,12697,Lilly,2010,F,AK,11
12697,12698,Lydia,2010,F,AK,11
12698,12699,Mia,2010,F,AK,11
12699,12700,Serenity,2010,F,AK,11
12700,12701,Victoria,2010,F,AK,11
12701,12702,Willow,2010,F,AK,11
12702,12703,Adrianna,2010,F,AK,10
12703,12704,Charlotte,2010,F,AK,10
12704,12705,Izabella,2010,F,AK,10
12705,12706,Jordyn,2010,F,AK,10
12706,12707,Kayla,2010,F,AK,10
12707,12708,Lyla,2010,F,AK,10
12708,12709,Molly,2010,F,AK,10
12709,12710,Payton,2010,F,AK,10
12710,12711,Scarlett,2010,F,AK,10
12711,12712,Angelina,2010,F,AK,9
12712,12713,Ashlyn,2010,F,AK,9
12713,12714,Ashlynn,2010,F,AK,9
12714,12715,Brianna,2010,F,AK,9
12715,12716,Cadence,2010,F,AK,9
12716,12717,Clara,2010,F,AK,9
12717,12718,Delaney,2010,F,AK,9
12718,12719,Julia,2010,F,AK,9
12719,12720,Naomi,2010,F,AK,9
12720,12721,Rylee,2010,F,AK,9
12721,12722,Sabrina,2010,F,AK,9
12722,12723,Sadie,2010,F,AK,9
12723,12724,Aaliyah,2010,F,AK,8
12724,12725,Ayla,2010,F,AK,8
12725,12726,Brooklynn,2010,F,AK,8
12726,12727,Caroline,2010,F,AK,8
12727,12728,Eleanor,2010,F,AK,8
12728,12729,Hazel,2010,F,AK,8
12729,12730,Isabel,2010,F,AK,8
12730,12731,Katelyn,2010,F,AK,8
12731,12732,Kaydence,2010,F,AK,8
12732,12733,Kyla,2010,F,AK,8
12733,12734,Lauren,2010,F,AK,8
12734,12735,Madeline,2010,F,AK,8
12735,12736,Makayla,2010,F,AK,8
12736,12737,Makenna,2010,F,AK,8
12737,12738,Mckinley,2010,F,AK,8
12738,12739,Paige,2010,F,AK,8
12739,12740,Shelby,2010,F,AK,8
12740,12741,Sofia,2010,F,AK,8
12741,12742,Stella,2010,F,AK,8
12742,12743,Teagan,2010,F,AK,8
12743,12744,Vanessa,2010,F,AK,8
12744,12745,Alexandra,2010,F,AK,7
12745,12746,Alice,2010,F,AK,7
12746,12747,Amy,2010,F,AK,7
12747,12748,Anastasia,2010,F,AK,7
12748,12749,Esther,2010,F,AK,7
12749,12750,Evangeline,2010,F,AK,7
12750,12751,Haley,2010,F,AK,7
12751,12752,Harper,2010,F,AK,7
12752,12753,Ivy,2010,F,AK,7
12753,12754,Jade,2010,F,AK,7
12754,12755,Kara,2010,F,AK,7
12755,12756,Katie,2010,F,AK,7
12756,12757,Lexi,2010,F,AK,7
12757,12758,Liliana,2010,F,AK,7
12758,12759,Madilyn,2010,F,AK,7
12759,12760,Maya,2010,F,AK,7
12760,12761,Nora,2010,F,AK,7
12761,12762,Reagan,2010,F,AK,7
12762,12763,Sienna,2010,F,AK,7
12763,12764,Alana,2010,F,AK,6
12764,12765,Alexandria,2010,F,AK,6
12765,12766,Annabella,2010,F,AK,6
12766,12767,Aria,2010,F,AK,6
12767,12768,Bailey,2010,F,AK,6
12768,12769,Breanna,2010,F,AK,6
12769,12770,Chelsea,2010,F,AK,6
12770,12771,Daisy,2010,F,AK,6
12771,12772,Fiona,2010,F,AK,6
12772,12773,Gracie,2010,F,AK,6
12773,12774,Haylee,2010,F,AK,6
12774,12775,Hope,2010,F,AK,6
12775,12776,Jasmine,2010,F,AK,6
12776,12777,Jenna,2010,F,AK,6
12777,12778,Kate,2010,F,AK,6
12778,12779,Kendall,2010,F,AK,6
12779,12780,Kiana,2010,F,AK,6
12780,12781,Leilani,2010,F,AK,6
12781,12782,Liberty,2010,F,AK,6
12782,12783,Lila,2010,F,AK,6
12783,12784,Lilah,2010,F,AK,6
12784,12785,Lilliana,2010,F,AK,6
12785,12786,Madelyn,2010,F,AK,6
12786,12787,Mckenna,2010,F,AK,6
12787,12788,Melissa,2010,F,AK,6
12788,12789,Miriam,2010,F,AK,6
12789,12790,Morgan,2010,F,AK,6
12790,12791,Mya,2010,F,AK,6
12791,12792,Natalia,2010,F,AK,6
12792,12793,Nicole,2010,F,AK,6
12793,12794,Rachel,2010,F,AK,6
12794,12795,Summer,2010,F,AK,6
12795,12796,Thea,2010,F,AK,6
12796,12797,Tiffany,2010,F,AK,6
12797,12798,Alayna,2010,F,AK,5
12798,12799,Alicia,2010,F,AK,5
12799,12800,Aliyah,2010,F,AK,5
12800,12801,Amber,2010,F,AK,5
12801,12802,Andrea,2010,F,AK,5
12802,12803,Annabelle,2010,F,AK,5
12803,12804,Annie,2010,F,AK,5
12804,12805,Annika,2010,F,AK,5
12805,12806,Audrina,2010,F,AK,5
12806,12807,Bethany,2010,F,AK,5
12807,12808,Bristol,2010,F,AK,5
12808,12809,Cassandra,2010,F,AK,5
12809,12810,Cecilia,2010,F,AK,5
12810,12811,Cheyenne,2010,F,AK,5
12811,12812,Christine,2010,F,AK,5
12812,12813,Courtney,2010,F,AK,5
12813,12814,Danielle,2010,F,AK,5
12814,12815,Delilah,2010,F,AK,5
12815,12816,Emery,2010,F,AK,5
12816,12817,Harmony,2010,F,AK,5
12817,12818,Heidi,2010,F,AK,5
12818,12819,Iris,2010,F,AK,5
12819,12820,Jayla,2010,F,AK,5
12820,12821,Jessica,2010,F,AK,5
12821,12822,Jillian,2010,F,AK,5
12822,12823,Josephine,2010,F,AK,5
12823,12824,Kaia,2010,F,AK,5
12824,12825,Kamryn,2010,F,AK,5
12825,12826,Katelynn,2010,F,AK,5
12826,12827,Keira,2010,F,AK,5
12827,12828,Kelsey,2010,F,AK,5
12828,12829,Kendra,2010,F,AK,5
12829,12830,Kimberly,2010,F,AK,5
12830,12831,Lindsey,2010,F,AK,5
12831,12832,Lucia,2010,F,AK,5
12832,12833,Lyric,2010,F,AK,5
12833,12834,Maddison,2010,F,AK,5
12834,12835,Margaret,2010,F,AK,5
12835,12836,Maria,2010,F,AK,5
12836,12837,Marin,2010,F,AK,5
12837,12838,Marley,2010,F,AK,5
12838,12839,Mika,2010,F,AK,5
12839,12840,Miranda,2010,F,AK,5
12840,12841,Piper,2010,F,AK,5
12841,12842,Ruth,2010,F,AK,5
12842,12843,Sierra,2010,F,AK,5
12843,12844,Talia,2010,F,AK,5
12844,12845,Tatum,2010,F,AK,5
12845,12846,Tessa,2010,F,AK,5
12846,12847,Olivia,2011,F,AK,60
12847,12848,Emma,2011,F,AK,56
12848,12849,Isabella,2011,F,AK,50
12849,12850,Madison,2011,F,AK,46
12850,12851,Sophia,2011,F,AK,44
12851,12852,Ava,2011,F,AK,43
12852,12853,Emily,2011,F,AK,40
12853,12854,Chloe,2011,F,AK,39
12854,12855,Abigail,2011,F,AK,32
12855,12856,Amelia,2011,F,AK,30
12856,12857,Zoey,2011,F,AK,30
12857,12858,Grace,2011,F,AK,27
12858,12859,Lily,2011,F,AK,27
12859,12860,Aurora,2011,F,AK,26
12860,12861,Evelyn,2011,F,AK,26
12861,12862,Elizabeth,2011,F,AK,23
12862,12863,Natalie,2011,F,AK,23
12863,12864,Anna,2011,F,AK,22
12864,12865,Hailey,2011,F,AK,22
12865,12866,Lillian,2011,F,AK,20
12866,12867,Riley,2011,F,AK,20
12867,12868,Alyssa,2011,F,AK,19
12868,12869,Audrey,2011,F,AK,19
12869,12870,Ella,2011,F,AK,19
12870,12871,Mia,2011,F,AK,19
12871,12872,Nevaeh,2011,F,AK,19
12872,12873,Samantha,2011,F,AK,19
12873,12874,Zoe,2011,F,AK,19
12874,12875,Aubrey,2011,F,AK,18
12875,12876,Charlotte,2011,F,AK,18
12876,12877,Claire,2011,F,AK,18
12877,12878,Hannah,2011,F,AK,18
12878,12879,Addison,2011,F,AK,17
12879,12880,Brooklyn,2011,F,AK,17
12880,12881,Savannah,2011,F,AK,17
12881,12882,Jasmine,2011,F,AK,16
12882,12883,Kylie,2011,F,AK,16
12883,12884,Lydia,2011,F,AK,16
12884,12885,Makayla,2011,F,AK,16
12885,12886,Lucy,2011,F,AK,15
12886,12887,Mary,2011,F,AK,15
12887,12888,Trinity,2011,F,AK,15
12888,12889,Alice,2011,F,AK,14
12889,12890,Autumn,2011,F,AK,14
12890,12891,Kaylee,2011,F,AK,14
12891,12892,Layla,2011,F,AK,14
12892,12893,Peyton,2011,F,AK,14
12893,12894,Sarah,2011,F,AK,14
12894,12895,Avery,2011,F,AK,13
12895,12896,Ellie,2011,F,AK,13
12896,12897,Gabriella,2011,F,AK,13
12897,12898,Isabelle,2011,F,AK,13
12898,12899,Kinley,2011,F,AK,13
12899,12900,Scarlett,2011,F,AK,13
12900,12901,Sophie,2011,F,AK,13
12901,12902,Sydney,2011,F,AK,13
12902,12903,Aaliyah,2011,F,AK,12
12903,12904,Alexis,2011,F,AK,12
12904,12905,Arianna,2011,F,AK,12
12905,12906,Cora,2011,F,AK,12
12906,12907,Hazel,2011,F,AK,12
12907,12908,Mackenzie,2011,F,AK,12
12908,12909,Madelyn,2011,F,AK,12
12909,12910,Morgan,2011,F,AK,12
12910,12911,Payton,2011,F,AK,12
12911,12912,Taylor,2011,F,AK,12
12912,12913,Violet,2011,F,AK,12
12913,12914,Willow,2011,F,AK,12
12914,12915,Alaina,2011,F,AK,11
12915,12916,Aliyah,2011,F,AK,11
12916,12917,Destiny,2011,F,AK,11
12917,12918,Isla,2011,F,AK,11
12918,12919,Julia,2011,F,AK,11
12919,12920,Maya,2011,F,AK,11
12920,12921,Mckenzie,2011,F,AK,11
12921,12922,Victoria,2011,F,AK,11
12922,12923,Aria,2011,F,AK,10
12923,12924,Ariana,2011,F,AK,10
12924,12925,Gabrielle,2011,F,AK,10
12925,12926,Kayla,2011,F,AK,10
12926,12927,Naomi,2011,F,AK,10
12927,12928,Bella,2011,F,AK,9
12928,12929,Brielle,2011,F,AK,9
12929,12930,Brooke,2011,F,AK,9
12930,12931,Evangeline,2011,F,AK,9
12931,12932,Jade,2011,F,AK,9
12932,12933,Kaitlyn,2011,F,AK,9
12933,12934,Katherine,2011,F,AK,9
12934,12935,Mckinley,2011,F,AK,9
12935,12936,Molly,2011,F,AK,9
12936,12937,Serenity,2011,F,AK,9
12937,12938,Alexandria,2011,F,AK,8
12938,12939,Allison,2011,F,AK,8
12939,12940,Annabelle,2011,F,AK,8
12940,12941,Ashlynn,2011,F,AK,8
12941,12942,Aubree,2011,F,AK,8
12942,12943,Ayla,2011,F,AK,8
12943,12944,Eden,2011,F,AK,8
12944,12945,Eva,2011,F,AK,8
12945,12946,Faith,2011,F,AK,8
12946,12947,Harper,2011,F,AK,8
12947,12948,Jocelyn,2011,F,AK,8
12948,12949,Jordyn,2011,F,AK,8
12949,12950,Kaydence,2011,F,AK,8
12950,12951,Keira,2011,F,AK,8
12951,12952,Khloe,2011,F,AK,8
12952,12953,Lauren,2011,F,AK,8
12953,12954,Makenna,2011,F,AK,8
12954,12955,Melanie,2011,F,AK,8
12955,12956,Melody,2011,F,AK,8
12956,12957,Michelle,2011,F,AK,8
12957,12958,Mya,2011,F,AK,8
12958,12959,Rosemary,2011,F,AK,8
12959,12960,Rylee,2011,F,AK,8
12960,12961,Sadie,2011,F,AK,8
12961,12962,Shelby,2011,F,AK,8
12962,12963,Sofia,2011,F,AK,8
12963,12964,Alina,2011,F,AK,7
12964,12965,Alivia,2011,F,AK,7
12965,12966,Ashlyn,2011,F,AK,7
12966,12967,Bailey,2011,F,AK,7
12967,12968,Caroline,2011,F,AK,7
12968,12969,Eleanor,2011,F,AK,7
12969,12970,Holly,2011,F,AK,7
12970,12971,Hope,2011,F,AK,7
12971,12972,Iris,2011,F,AK,7
12972,12973,Josephine,2011,F,AK,7
12973,12974,Katelyn,2011,F,AK,7
12974,12975,Kimberly,2011,F,AK,7
12975,12976,Leah,2011,F,AK,7
12976,12977,Lyla,2011,F,AK,7
12977,12978,Madalyn,2011,F,AK,7
12978,12979,Mikayla,2011,F,AK,7
12979,12980,Penelope,2011,F,AK,7
12980,12981,Rachel,2011,F,AK,7
12981,12982,Ruby,2011,F,AK,7
12982,12983,Teagan,2011,F,AK,7
12983,12984,Tiana,2011,F,AK,7
12984,12985,Vivian,2011,F,AK,7
12985,12986,Abby,2011,F,AK,6
12986,12987,Adalyn,2011,F,AK,6
12987,12988,Anastasia,2011,F,AK,6
12988,12989,Angelina,2011,F,AK,6
12989,12990,Ashley,2011,F,AK,6
12990,12991,Braelyn,2011,F,AK,6
12991,12992,Brianna,2011,F,AK,6
12992,12993,Camille,2011,F,AK,6
12993,12994,Carly,2011,F,AK,6
12994,12995,Carmen,2011,F,AK,6
12995,12996,Catherine,2011,F,AK,6
12996,12997,Dakota,2011,F,AK,6
12997,12998,Eliana,2011,F,AK,6
12998,12999,Elise,2011,F,AK,6
12999,13000,Genevieve,2011,F,AK,6
13000,13001,Giana,2011,F,AK,6
13001,13002,Harmony,2011,F,AK,6
13002,13003,Hayden,2011,F,AK,6
13003,13004,Haylee,2011,F,AK,6
13004,13005,Jenna,2011,F,AK,6
13005,13006,Jordan,2011,F,AK,6
13006,13007,Juliet,2011,F,AK,6
13007,13008,Katie,2011,F,AK,6
13008,13009,Kelsey,2011,F,AK,6
13009,13010,Kennedy,2011,F,AK,6
13010,13011,Kiana,2011,F,AK,6
13011,13012,Kyla,2011,F,AK,6
13012,13013,Kylee,2011,F,AK,6
13013,13014,Kyra,2011,F,AK,6
13014,13015,Laila,2011,F,AK,6
13015,13016,Leilani,2011,F,AK,6
13016,13017,Lexi,2011,F,AK,6
13017,13018,Lilly,2011,F,AK,6
13018,13019,Maggie,2011,F,AK,6
13019,13020,Makenzie,2011,F,AK,6
13020,13021,Maria,2011,F,AK,6
13021,13022,Melissa,2011,F,AK,6
13022,13023,Noelle,2011,F,AK,6
13023,13024,Paige,2011,F,AK,6
13024,13025,Rebecca,2011,F,AK,6
13025,13026,Ruth,2011,F,AK,6
13026,13027,Sierra,2011,F,AK,6
13027,13028,Adrianna,2011,F,AK,5
13028,13029,Andrea,2011,F,AK,5
13029,13030,Anya,2011,F,AK,5
13030,13031,Arabella,2011,F,AK,5
13031,13032,Athena,2011,F,AK,5
13032,13033,Bethany,2011,F,AK,5
13033,13034,Brooklynn,2011,F,AK,5
13034,13035,Brynn,2011,F,AK,5
13035,13036,Cadence,2011,F,AK,5
13036,13037,Cherish,2011,F,AK,5
13037,13038,Clara,2011,F,AK,5
13038,13039,Elena,2011,F,AK,5
13039,13040,Ember,2011,F,AK,5
13040,13041,Emery,2011,F,AK,5
13041,13042,Fiona,2011,F,AK,5
13042,13043,Gracelyn,2011,F,AK,5
13043,13044,Gracie,2011,F,AK,5
13044,13045,Helena,2011,F,AK,5
13045,13046,Isabel,2011,F,AK,5
13046,13047,Jada,2011,F,AK,5
13047,13048,Jemma,2011,F,AK,5
13048,13049,Jillian,2011,F,AK,5
13049,13050,Journey,2011,F,AK,5
13050,13051,Julie,2011,F,AK,5
13051,13052,Kaia,2011,F,AK,5
13052,13053,Karina,2011,F,AK,5
13053,13054,Kendall,2011,F,AK,5
13054,13055,Kourtney,2011,F,AK,5
13055,13056,Liliana,2011,F,AK,5
13056,13057,Lucia,2011,F,AK,5
13057,13058,Lyric,2011,F,AK,5
13058,13059,Malia,2011,F,AK,5
13059,13060,Margaret,2011,F,AK,5
13060,13061,Mckenna,2011,F,AK,5
13061,13062,Millie,2011,F,AK,5
13062,13063,Miranda,2011,F,AK,5
13063,13064,Nora,2011,F,AK,5
13064,13065,Paisley,2011,F,AK,5
13065,13066,Parker,2011,F,AK,5
13066,13067,Phoebe,2011,F,AK,5
13067,13068,Piper,2011,F,AK,5
13068,13069,Reagan,2011,F,AK,5
13069,13070,Rebekah,2011,F,AK,5
13070,13071,Rose,2011,F,AK,5
13071,13072,Sage,2011,F,AK,5
13072,13073,Sasha,2011,F,AK,5
13073,13074,Selah,2011,F,AK,5
13074,13075,Shayla,2011,F,AK,5
13075,13076,Skyla,2011,F,AK,5
13076,13077,Sonja,2011,F,AK,5
13077,13078,Stella,2011,F,AK,5
13078,13079,Summer,2011,F,AK,5
13079,13080,Vanessa,2011,F,AK,5
13080,13081,Virginia,2011,F,AK,5
13081,13082,Emma,2012,F,AK,57
13082,13083,Sophia,2012,F,AK,56
13083,13084,Olivia,2012,F,AK,49
13084,13085,Abigail,2012,F,AK,38
13085,13086,Ava,2012,F,AK,32
13086,13087,Chloe,2012,F,AK,30
13087,13088,Elizabeth,2012,F,AK,30
13088,13089,Isabella,2012,F,AK,30
13089,13090,Lillian,2012,F,AK,30
13090,13091,Emily,2012,F,AK,28
13091,13092,Grace,2012,F,AK,26
13092,13093,Madison,2012,F,AK,26
13093,13094,Ella,2012,F,AK,25
13094,13095,Harper,2012,F,AK,25
13095,13096,Hannah,2012,F,AK,24
13096,13097,Evelyn,2012,F,AK,23
13097,13098,Layla,2012,F,AK,23
13098,13099,Lily,2012,F,AK,23
13099,13100,Amelia,2012,F,AK,22
13100,13101,Kaylee,2012,F,AK,21
13101,13102,Mia,2012,F,AK,21
13102,13103,Addison,2012,F,AK,20
13103,13104,Hailey,2012,F,AK,20
13104,13105,Aurora,2012,F,AK,19
13105,13106,Avery,2012,F,AK,19
13106,13107,Zoey,2012,F,AK,19
13107,13108,Audrey,2012,F,AK,17
13108,13109,Scarlett,2012,F,AK,17
13109,13110,Aria,2012,F,AK,16
13110,13111,Aubree,2012,F,AK,16
13111,13112,Autumn,2012,F,AK,16
13112,13113,Samantha,2012,F,AK,16
13113,13114,Violet,2012,F,AK,16
13114,13115,Mary,2012,F,AK,15
13115,13116,Savannah,2012,F,AK,15
13116,13117,Brooklyn,2012,F,AK,14
13117,13118,Eva,2012,F,AK,14
13118,13119,Natalie,2012,F,AK,14
13119,13120,Victoria,2012,F,AK,14
13120,13121,Alyssa,2012,F,AK,13
13121,13122,Faith,2012,F,AK,13
13122,13123,Khloe,2012,F,AK,13
13123,13124,Kylee,2012,F,AK,13
13124,13125,Payton,2012,F,AK,13
13125,13126,Piper,2012,F,AK,13
13126,13127,Riley,2012,F,AK,13
13127,13128,Taylor,2012,F,AK,13
13128,13129,Aaliyah,2012,F,AK,12
13129,13130,Aubrey,2012,F,AK,12
13130,13131,Brooke,2012,F,AK,12
13131,13132,Claire,2012,F,AK,12
13132,13133,Naomi,2012,F,AK,12
13133,13134,Serenity,2012,F,AK,12
13134,13135,Alexis,2012,F,AK,11
13135,13136,Allison,2012,F,AK,11
13136,13137,Ariana,2012,F,AK,11
13137,13138,Cora,2012,F,AK,11
13138,13139,Isabelle,2012,F,AK,11
13139,13140,Kayla,2012,F,AK,11
13140,13141,Kylie,2012,F,AK,11
13141,13142,Lyla,2012,F,AK,11
13142,13143,Madelyn,2012,F,AK,11
13143,13144,Maria,2012,F,AK,11
13144,13145,Maya,2012,F,AK,11
13145,13146,Penelope,2012,F,AK,11
13146,13147,Reagan,2012,F,AK,11
13147,13148,Stella,2012,F,AK,11
13148,13149,Anna,2012,F,AK,10
13149,13150,Bailey,2012,F,AK,10
13150,13151,Brooklynn,2012,F,AK,10
13151,13152,Cadence,2012,F,AK,10
13152,13153,Eden,2012,F,AK,10
13153,13154,Harmony,2012,F,AK,10
13154,13155,Leah,2012,F,AK,10
13155,13156,Nora,2012,F,AK,10
13156,13157,Paige,2012,F,AK,10
13157,13158,Peyton,2012,F,AK,10
13158,13159,Trinity,2012,F,AK,10
13159,13160,Zoe,2012,F,AK,10
13160,13161,Adalyn,2012,F,AK,9
13161,13162,Alice,2012,F,AK,9
13162,13163,Annabelle,2012,F,AK,9
13163,13164,Ariel,2012,F,AK,9
13164,13165,Bella,2012,F,AK,9
13165,13166,Brielle,2012,F,AK,9
13166,13167,Charlie,2012,F,AK,9
13167,13168,Clara,2012,F,AK,9
13168,13169,Jessica,2012,F,AK,9
13169,13170,Lydia,2012,F,AK,9
13170,13171,Madeline,2012,F,AK,9
13171,13172,Molly,2012,F,AK,9
13172,13173,Morgan,2012,F,AK,9
13173,13174,Nevaeh,2012,F,AK,9
13174,13175,Ruby,2012,F,AK,9
13175,13176,Sadie,2012,F,AK,9
13176,13177,Sophie,2012,F,AK,9
13177,13178,Sydney,2012,F,AK,9
13178,13179,Adrianna,2012,F,AK,8
13179,13180,Angel,2012,F,AK,8
13180,13181,Ashley,2012,F,AK,8
13181,13182,Ashlynn,2012,F,AK,8
13182,13183,Ayla,2012,F,AK,8
13183,13184,Charlotte,2012,F,AK,8
13184,13185,Eleanor,2012,F,AK,8
13185,13186,Ellie,2012,F,AK,8
13186,13187,Evangeline,2012,F,AK,8
13187,13188,Genevieve,2012,F,AK,8
13188,13189,Hadley,2012,F,AK,8
13189,13190,Hazel,2012,F,AK,8
13190,13191,Jade,2012,F,AK,8
13191,13192,Julia,2012,F,AK,8
13192,13193,Katherine,2012,F,AK,8
13193,13194,Keira,2012,F,AK,8
13194,13195,Kinley,2012,F,AK,8
13195,13196,Lexi,2012,F,AK,8
13196,13197,Lucy,2012,F,AK,8
13197,13198,Megan,2012,F,AK,8
13198,13199,Willow,2012,F,AK,8
13199,13200,Adeline,2012,F,AK,7
13200,13201,Alaina,2012,F,AK,7
13201,13202,Annika,2012,F,AK,7
13202,13203,Arianna,2012,F,AK,7
13203,13204,Bethany,2012,F,AK,7
13204,13205,Bristol,2012,F,AK,7
13205,13206,Caitlyn,2012,F,AK,7
13206,13207,Cassidy,2012,F,AK,7
13207,13208,Delilah,2012,F,AK,7
13208,13209,Fiona,2012,F,AK,7
13209,13210,Isabel,2012,F,AK,7
13210,13211,Isla,2012,F,AK,7
13211,13212,Josephine,2012,F,AK,7
13212,13213,Katelyn,2012,F,AK,7
13213,13214,Kennedy,2012,F,AK,7
13214,13215,Kenzie,2012,F,AK,7
13215,13216,Kiara,2012,F,AK,7
13216,13217,Lauren,2012,F,AK,7
13217,13218,Maddison,2012,F,AK,7
13218,13219,Makenna,2012,F,AK,7
13219,13220,Melody,2012,F,AK,7
13220,13221,Rylee,2012,F,AK,7
13221,13222,Selena,2012,F,AK,7
13222,13223,Serena,2012,F,AK,7
13223,13224,Sienna,2012,F,AK,7
13224,13225,Vivian,2012,F,AK,7
13225,13226,Adelaide,2012,F,AK,6
13226,13227,Alana,2012,F,AK,6
13227,13228,Alexandra,2012,F,AK,6
13228,13229,Amber,2012,F,AK,6
13229,13230,Amy,2012,F,AK,6
13230,13231,Aspen,2012,F,AK,6
13231,13232,Brianna,2012,F,AK,6
13232,13233,Camille,2012,F,AK,6
13233,13234,Catherine,2012,F,AK,6
13234,13235,Christina,2012,F,AK,6
13235,13236,Danielle,2012,F,AK,6
13236,13237,Elsie,2012,F,AK,6
13237,13238,Ember,2012,F,AK,6
13238,13239,Gabriella,2012,F,AK,6
13239,13240,Hanna,2012,F,AK,6
13240,13241,Hayden,2012,F,AK,6
13241,13242,Izabella,2012,F,AK,6
13242,13243,Juliana,2012,F,AK,6
13243,13244,Juliet,2012,F,AK,6
13244,13245,Kaitlyn,2012,F,AK,6
13245,13246,Kristen,2012,F,AK,6
13246,13247,Lilly,2012,F,AK,6
13247,13248,London,2012,F,AK,6
13248,13249,Luna,2012,F,AK,6
13249,13250,Mackenzie,2012,F,AK,6
13250,13251,Mariah,2012,F,AK,6
13251,13252,Mckenna,2012,F,AK,6
13252,13253,Mila,2012,F,AK,6
13253,13254,Noelle,2012,F,AK,6
13254,13255,River,2012,F,AK,6
13255,13256,Sarah,2012,F,AK,6
13256,13257,Scarlet,2012,F,AK,6
13257,13258,Alexandria,2012,F,AK,5
13258,13259,Alivia,2012,F,AK,5
13259,13260,Allie,2012,F,AK,5
13260,13261,Angela,2012,F,AK,5
13261,13262,Arabella,2012,F,AK,5
13262,13263,Ariella,2012,F,AK,5
13263,13264,Cali,2012,F,AK,5
13264,13265,Camila,2012,F,AK,5
13265,13266,Carly,2012,F,AK,5
13266,13267,Delaney,2012,F,AK,5
13267,13268,Esther,2012,F,AK,5
13268,13269,Eve,2012,F,AK,5
13269,13270,Gabrielle,2012,F,AK,5
13270,13271,Gracie,2012,F,AK,5
13271,13272,Iris,2012,F,AK,5
13272,13273,Isis,2012,F,AK,5
13273,13274,Ivy,2012,F,AK,5
13274,13275,Jazmine,2012,F,AK,5
13275,13276,Jennifer,2012,F,AK,5
13276,13277,Joanna,2012,F,AK,5
13277,13278,Kathryn,2012,F,AK,5
13278,13279,Kaydence,2012,F,AK,5
13279,13280,Kayleigh,2012,F,AK,5
13280,13281,Keely,2012,F,AK,5
13281,13282,Kira,2012,F,AK,5
13282,13283,Kyra,2012,F,AK,5
13283,13284,Lindsey,2012,F,AK,5
13284,13285,Lola,2012,F,AK,5
13285,13286,Makayla,2012,F,AK,5
13286,13287,Marie,2012,F,AK,5
13287,13288,Monica,2012,F,AK,5
13288,13289,Nicole,2012,F,AK,5
13289,13290,Parker,2012,F,AK,5
13290,13291,Rose,2012,F,AK,5
13291,13292,Ruth,2012,F,AK,5
13292,13293,Shelby,2012,F,AK,5
13293,13294,Sierra,2012,F,AK,5
13294,13295,Sofia,2012,F,AK,5
13295,13296,Summer,2012,F,AK,5
13296,13297,Tatum,2012,F,AK,5
13297,13298,Emma,2013,F,AK,57
13298,13299,Sophia,2013,F,AK,50
13299,13300,Abigail,2013,F,AK,39
13300,13301,Isabella,2013,F,AK,38
13301,13302,Olivia,2013,F,AK,35
13302,13303,Charlotte,2013,F,AK,34
13303,13304,Harper,2013,F,AK,34
13304,13305,Emily,2013,F,AK,33
13305,13306,Ava,2013,F,AK,31
13306,13307,Avery,2013,F,AK,30
13307,13308,Amelia,2013,F,AK,29
13308,13309,Elizabeth,2013,F,AK,28
13309,13310,Evelyn,2013,F,AK,28
13310,13311,Aurora,2013,F,AK,27
13311,13312,Addison,2013,F,AK,26
13312,13313,Hannah,2013,F,AK,26
13313,13314,Lily,2013,F,AK,25
13314,13315,Aria,2013,F,AK,22
13315,13316,Audrey,2013,F,AK,22
13316,13317,Mia,2013,F,AK,22
13317,13318,Aubrey,2013,F,AK,21
13318,13319,Lillian,2013,F,AK,21
13319,13320,Brooklyn,2013,F,AK,20
13320,13321,Chloe,2013,F,AK,20
13321,13322,Victoria,2013,F,AK,20
13322,13323,Scarlett,2013,F,AK,19
13323,13324,Hailey,2013,F,AK,18
13324,13325,Jade,2013,F,AK,18
13325,13326,Madison,2013,F,AK,18
13326,13327,Natalie,2013,F,AK,18
13327,13328,Alexis,2013,F,AK,17
13328,13329,Gabriella,2013,F,AK,17
13329,13330,Violet,2013,F,AK,17
13330,13331,Allison,2013,F,AK,16
13331,13332,Ella,2013,F,AK,16
13332,13333,Piper,2013,F,AK,16
13333,13334,Sofia,2013,F,AK,16
13334,13335,Alice,2013,F,AK,15
13335,13336,Autumn,2013,F,AK,15
13336,13337,Jasmine,2013,F,AK,15
13337,13338,Kaylee,2013,F,AK,15
13338,13339,Savannah,2013,F,AK,15
13339,13340,Zoey,2013,F,AK,15
13340,13341,Anna,2013,F,AK,14
13341,13342,Grace,2013,F,AK,14
13342,13343,Mary,2013,F,AK,14
13343,13344,Peyton,2013,F,AK,14
13344,13345,Sophie,2013,F,AK,14
13345,13346,Bailey,2013,F,AK,13
13346,13347,Lydia,2013,F,AK,13
13347,13348,Naomi,2013,F,AK,13
13348,13349,Samantha,2013,F,AK,13
13349,13350,Skylar,2013,F,AK,13
13350,13351,Brooke,2013,F,AK,12
13351,13352,Eleanor,2013,F,AK,12
13352,13353,Kaitlyn,2013,F,AK,12
13353,13354,Melody,2013,F,AK,12
13354,13355,Nevaeh,2013,F,AK,12
13355,13356,Penelope,2013,F,AK,12
13356,13357,Sadie,2013,F,AK,12
13357,13358,Serenity,2013,F,AK,12
13358,13359,Stella,2013,F,AK,12
13359,13360,Taylor,2013,F,AK,12
13360,13361,Aaliyah,2013,F,AK,11
13361,13362,Arianna,2013,F,AK,11
13362,13363,Claire,2013,F,AK,11
13363,13364,Ellie,2013,F,AK,11
13364,13365,Kendall,2013,F,AK,11
13365,13366,Mckenzie,2013,F,AK,11
13366,13367,Molly,2013,F,AK,11
13367,13368,Paige,2013,F,AK,11
13368,13369,Quinn,2013,F,AK,11
13369,13370,Trinity,2013,F,AK,11
13370,13371,Adalyn,2013,F,AK,10
13371,13372,Angel,2013,F,AK,10
13372,13373,Annabelle,2013,F,AK,10
13373,13374,Bella,2013,F,AK,10
13374,13375,Faith,2013,F,AK,10
13375,13376,Julia,2013,F,AK,10
13376,13377,Leah,2013,F,AK,10
13377,13378,Paisley,2013,F,AK,10
13378,13379,Reagan,2013,F,AK,10
13379,13380,Ruby,2013,F,AK,10
13380,13381,Rylee,2013,F,AK,10
13381,13382,Alyssa,2013,F,AK,9
13382,13383,Ariana,2013,F,AK,9
13383,13384,Clara,2013,F,AK,9
13384,13385,Cora,2013,F,AK,9
13385,13386,Lucy,2013,F,AK,9
13386,13387,Makayla,2013,F,AK,9
13387,13388,Maya,2013,F,AK,9
13388,13389,Mckinley,2013,F,AK,9
13389,13390,Sarah,2013,F,AK,9
13390,13391,Zoe,2013,F,AK,9
13391,13392,Aliyah,2013,F,AK,8
13392,13393,Ariel,2013,F,AK,8
13393,13394,Athena,2013,F,AK,8
13394,13395,Aubree,2013,F,AK,8
13395,13396,Ayla,2013,F,AK,8
13396,13397,Brynn,2013,F,AK,8
13397,13398,Christina,2013,F,AK,8
13398,13399,Emery,2013,F,AK,8
13399,13400,Eva,2013,F,AK,8
13400,13401,Holly,2013,F,AK,8
13401,13402,Isla,2013,F,AK,8
13402,13403,Jane,2013,F,AK,8
13403,13404,Jordyn,2013,F,AK,8
13404,13405,Kinley,2013,F,AK,8
13405,13406,Kylie,2013,F,AK,8
13406,13407,Layla,2013,F,AK,8
13407,13408,Lilly,2013,F,AK,8
13408,13409,Lola,2013,F,AK,8
13409,13410,Mackenzie,2013,F,AK,8
13410,13411,Madeline,2013,F,AK,8
13411,13412,Maria,2013,F,AK,8
13412,13413,Mariah,2013,F,AK,8
13413,13414,Nora,2013,F,AK,8
13414,13415,Payton,2013,F,AK,8
13415,13416,Riley,2013,F,AK,8
13416,13417,Rose,2013,F,AK,8
13417,13418,Sierra,2013,F,AK,8
13418,13419,Alexandra,2013,F,AK,7
13419,13420,Alexandria,2013,F,AK,7
13420,13421,Andrea,2013,F,AK,7
13421,13422,Brooklynn,2013,F,AK,7
13422,13423,Catherine,2013,F,AK,7
13423,13424,Cheyenne,2013,F,AK,7
13424,13425,Denali,2013,F,AK,7
13425,13426,Eden,2013,F,AK,7
13426,13427,Elise,2013,F,AK,7
13427,13428,Eliza,2013,F,AK,7
13428,13429,Genevieve,2013,F,AK,7
13429,13430,Hazel,2013,F,AK,7
13430,13431,Heidi,2013,F,AK,7
13431,13432,Isabel,2013,F,AK,7
13432,13433,Isabelle,2013,F,AK,7
13433,13434,Izabella,2013,F,AK,7
13434,13435,Jocelyn,2013,F,AK,7
13435,13436,Katie,2013,F,AK,7
13436,13437,Kenzie,2013,F,AK,7
13437,13438,Khloe,2013,F,AK,7
13438,13439,Kira,2013,F,AK,7
13439,13440,London,2013,F,AK,7
13440,13441,Margaret,2013,F,AK,7
13441,13442,Mya,2013,F,AK,7
13442,13443,Sydney,2013,F,AK,7
13443,13444,Tiana,2013,F,AK,7
13444,13445,Vanessa,2013,F,AK,7
13445,13446,Willow,2013,F,AK,7
13446,13447,Aliya,2013,F,AK,6
13447,13448,Anastasia,2013,F,AK,6
13448,13449,Annie,2013,F,AK,6
13449,13450,Arya,2013,F,AK,6
13450,13451,Ashley,2013,F,AK,6
13451,13452,Ashlynn,2013,F,AK,6
13452,13453,Brianna,2013,F,AK,6
13453,13454,Brielle,2013,F,AK,6
13454,13455,Caroline,2013,F,AK,6
13455,13456,Cassidy,2013,F,AK,6
13456,13457,Cynthia,2013,F,AK,6
13457,13458,Danica,2013,F,AK,6
13458,13459,Delilah,2013,F,AK,6
13459,13460,Hadley,2013,F,AK,6
13460,13461,Harmony,2013,F,AK,6
13461,13462,Haven,2013,F,AK,6
13462,13463,Hope,2013,F,AK,6
13463,13464,Jamie,2013,F,AK,6
13464,13465,Jennifer,2013,F,AK,6
13465,13466,Josephine,2013,F,AK,6
13466,13467,June,2013,F,AK,6
13467,13468,Kaydence,2013,F,AK,6
13468,13469,Kayla,2013,F,AK,6
13469,13470,Lauren,2013,F,AK,6
13470,13471,Luna,2013,F,AK,6
13471,13472,Lyric,2013,F,AK,6
13472,13473,Maggie,2013,F,AK,6
13473,13474,Mckenna,2013,F,AK,6
13474,13475,Mila,2013,F,AK,6
13475,13476,Noelle,2013,F,AK,6
13476,13477,Olive,2013,F,AK,6
13477,13478,Parker,2013,F,AK,6
13478,13479,Stephanie,2013,F,AK,6
13479,13480,Sylvia,2013,F,AK,6
13480,13481,Talia,2013,F,AK,6
13481,13482,Adelynn,2013,F,AK,5
13482,13483,Alexa,2013,F,AK,5
13483,13484,Allie,2013,F,AK,5
13484,13485,Ally,2013,F,AK,5
13485,13486,Amber,2013,F,AK,5
13486,13487,April,2013,F,AK,5
13487,13488,Ariah,2013,F,AK,5
13488,13489,Brylee,2013,F,AK,5
13489,13490,Cadence,2013,F,AK,5
13490,13491,Cali,2013,F,AK,5
13491,13492,Camryn,2013,F,AK,5
13492,13493,Dahlia,2013,F,AK,5
13493,13494,Danielle,2013,F,AK,5
13494,13495,Daphne,2013,F,AK,5
13495,13496,Delaney,2013,F,AK,5
13496,13497,Elena,2013,F,AK,5
13497,13498,Eve,2013,F,AK,5
13498,13499,Finley,2013,F,AK,5
13499,13500,Gabrielle,2013,F,AK,5
13500,13501,Ivy,2013,F,AK,5
13501,13502,Josie,2013,F,AK,5
13502,13503,Kamryn,2013,F,AK,5
13503,13504,Keira,2013,F,AK,5
13504,13505,Kennedy,2013,F,AK,5
13505,13506,Kylee,2013,F,AK,5
13506,13507,Liberty,2013,F,AK,5
13507,13508,Lilyana,2013,F,AK,5
13508,13509,Lucia,2013,F,AK,5
13509,13510,Lyla,2013,F,AK,5
13510,13511,Macy,2013,F,AK,5
13511,13512,Madeleine,2013,F,AK,5
13512,13513,Madilyn,2013,F,AK,5
13513,13514,Marina,2013,F,AK,5
13514,13515,Morgan,2013,F,AK,5
13515,13516,Nadia,2013,F,AK,5
13516,13517,Norah,2013,F,AK,5
13517,13518,Rachel,2013,F,AK,5
13518,13519,Rosalie,2013,F,AK,5
13519,13520,Ruth,2013,F,AK,5
13520,13521,Teagan,2013,F,AK,5
13521,13522,Valentina,2013,F,AK,5
13522,13523,Emma,2014,F,AK,50
13523,13524,Olivia,2014,F,AK,47
13524,13525,Sophia,2014,F,AK,43
13525,13526,Aurora,2014,F,AK,35
13526,13527,Isabella,2014,F,AK,33
13527,13528,Abigail,2014,F,AK,32
13528,13529,Avery,2014,F,AK,32
13529,13530,Evelyn,2014,F,AK,31
13530,13531,Hannah,2014,F,AK,31
13531,13532,Amelia,2014,F,AK,29
13532,13533,Grace,2014,F,AK,29
13533,13534,Harper,2014,F,AK,29
13534,13535,Charlotte,2014,F,AK,28
13535,13536,Ella,2014,F,AK,28
13536,13537,Ava,2014,F,AK,24
13537,13538,Emily,2014,F,AK,24
13538,13539,Aria,2014,F,AK,23
13539,13540,Penelope,2014,F,AK,23
13540,13541,Annabelle,2014,F,AK,22
13541,13542,Lily,2014,F,AK,22
13542,13543,Zoey,2014,F,AK,22
13543,13544,Chloe,2014,F,AK,21
13544,13545,Aubrey,2014,F,AK,20
13545,13546,Elizabeth,2014,F,AK,20
13546,13547,Hailey,2014,F,AK,20
13547,13548,Kaylee,2014,F,AK,20
13548,13549,Lillian,2014,F,AK,20
13549,13550,Natalie,2014,F,AK,20
13550,13551,Peyton,2014,F,AK,20
13551,13552,Piper,2014,F,AK,20
13552,13553,Eleanor,2014,F,AK,19
13553,13554,Hazel,2014,F,AK,19
13554,13555,Sadie,2014,F,AK,19
13555,13556,Violet,2014,F,AK,19
13556,13557,Anna,2014,F,AK,18
13557,13558,Brooklyn,2014,F,AK,18
13558,13559,Kinley,2014,F,AK,18
13559,13560,Madison,2014,F,AK,18
13560,13561,Paisley,2014,F,AK,18
13561,13562,Addison,2014,F,AK,17
13562,13563,Claire,2014,F,AK,17
13563,13564,Layla,2014,F,AK,17
13564,13565,Audrey,2014,F,AK,16
13565,13566,Ellie,2014,F,AK,16
13566,13567,Faith,2014,F,AK,16
13567,13568,Scarlett,2014,F,AK,16
13568,13569,Bella,2014,F,AK,15
13569,13570,Elena,2014,F,AK,15
13570,13571,Riley,2014,F,AK,15
13571,13572,Samantha,2014,F,AK,15
13572,13573,Athena,2014,F,AK,14
13573,13574,Mackenzie,2014,F,AK,14
13574,13575,Nevaeh,2014,F,AK,14
13575,13576,Gabriella,2014,F,AK,13
13576,13577,Naomi,2014,F,AK,13
13577,13578,Ruby,2014,F,AK,13
13578,13579,Savannah,2014,F,AK,13
13579,13580,Zoe,2014,F,AK,13
13580,13581,Aaliyah,2014,F,AK,12
13581,13582,Alyssa,2014,F,AK,12
13582,13583,Ariana,2014,F,AK,12
13583,13584,Autumn,2014,F,AK,12
13584,13585,Isabel,2014,F,AK,12
13585,13586,Isabelle,2014,F,AK,12
13586,13587,Leah,2014,F,AK,12
13587,13588,Lucy,2014,F,AK,12
13588,13589,Mia,2014,F,AK,12
13589,13590,Nora,2014,F,AK,12
13590,13591,Rose,2014,F,AK,12
13591,13592,Serenity,2014,F,AK,12
13592,13593,Victoria,2014,F,AK,12
13593,13594,Alice,2014,F,AK,11
13594,13595,Arianna,2014,F,AK,11
13595,13596,Aubree,2014,F,AK,11
13596,13597,Brooke,2014,F,AK,11
13597,13598,Kennedy,2014,F,AK,11
13598,13599,River,2014,F,AK,11
13599,13600,Sarah,2014,F,AK,11
13600,13601,Sofia,2014,F,AK,11
13601,13602,Stella,2014,F,AK,11
13602,13603,Taylor,2014,F,AK,11
13603,13604,Trinity,2014,F,AK,11
13604,13605,Alexis,2014,F,AK,10
13605,13606,Allison,2014,F,AK,10
13606,13607,Cora,2014,F,AK,10
13607,13608,Ember,2014,F,AK,10
13608,13609,Gwendolyn,2014,F,AK,10
13609,13610,Maria,2014,F,AK,10
13610,13611,Willow,2014,F,AK,10
13611,13612,Amara,2014,F,AK,9
13612,13613,Andrea,2014,F,AK,9
13613,13614,Clara,2014,F,AK,9
13614,13615,Eliana,2014,F,AK,9
13615,13616,Elsa,2014,F,AK,9
13616,13617,Everly,2014,F,AK,9
13617,13618,Julia,2014,F,AK,9
13618,13619,Kira,2014,F,AK,9
13619,13620,Kyra,2014,F,AK,9
13620,13621,Madeline,2014,F,AK,9
13621,13622,Makayla,2014,F,AK,9
13622,13623,Payton,2014,F,AK,9
13623,13624,Skylar,2014,F,AK,9
13624,13625,Sophie,2014,F,AK,9
13625,13626,Tessa,2014,F,AK,9
13626,13627,Vivian,2014,F,AK,9
13627,13628,Ashley,2014,F,AK,8
13628,13629,Caroline,2014,F,AK,8
13629,13630,Daisy,2014,F,AK,8
13630,13631,Elise,2014,F,AK,8
13631,13632,Elliana,2014,F,AK,8
13632,13633,Harmony,2014,F,AK,8
13633,13634,Henley,2014,F,AK,8
13634,13635,Iris,2014,F,AK,8
13635,13636,Ivy,2014,F,AK,8
13636,13637,Jade,2014,F,AK,8
13637,13638,Jasmine,2014,F,AK,8
13638,13639,Juliana,2014,F,AK,8
13639,13640,Juliet,2014,F,AK,8
13640,13641,Laura,2014,F,AK,8
13641,13642,Lydia,2014,F,AK,8
13642,13643,Mckinley,2014,F,AK,8
13643,13644,Rory,2014,F,AK,8
13644,13645,Winter,2014,F,AK,8
13645,13646,Aliyah,2014,F,AK,7
13646,13647,Danielle,2014,F,AK,7
13647,13648,Eden,2014,F,AK,7
13648,13649,Evangeline,2014,F,AK,7
13649,13650,Hayden,2014,F,AK,7
13650,13651,Hope,2014,F,AK,7
13651,13652,Isla,2014,F,AK,7
13652,13653,Juniper,2014,F,AK,7
13653,13654,Kenzie,2014,F,AK,7
13654,13655,Kyla,2014,F,AK,7
13655,13656,Kylie,2014,F,AK,7
13656,13657,Luna,2014,F,AK,7
13657,13658,Margaret,2014,F,AK,7
13658,13659,Marley,2014,F,AK,7
13659,13660,Mckenna,2014,F,AK,7
13660,13661,Nova,2014,F,AK,7
13661,13662,Paige,2014,F,AK,7
13662,13663,Quinn,2014,F,AK,7
13663,13664,Ruth,2014,F,AK,7
13664,13665,Rylee,2014,F,AK,7
13665,13666,Ryleigh,2014,F,AK,7
13666,13667,Summer,2014,F,AK,7
13667,13668,Vivienne,2014,F,AK,7
13668,13669,Adalyn,2014,F,AK,6
13669,13670,Adelaide,2014,F,AK,6
13670,13671,Alayna,2014,F,AK,6
13671,13672,Alivia,2014,F,AK,6
13672,13673,Ana,2014,F,AK,6
13673,13674,Ariel,2014,F,AK,6
13674,13675,Bailey,2014,F,AK,6
13675,13676,Bristol,2014,F,AK,6
13676,13677,Catherine,2014,F,AK,6
13677,13678,Charlie,2014,F,AK,6
13678,13679,Christina,2014,F,AK,6
13679,13680,Delilah,2014,F,AK,6
13680,13681,Elisabeth,2014,F,AK,6
13681,13682,Eliza,2014,F,AK,6
13682,13683,Emilia,2014,F,AK,6
13683,13684,Felicity,2014,F,AK,6
13684,13685,Finley,2014,F,AK,6
13685,13686,Gemma,2014,F,AK,6
13686,13687,Genevieve,2014,F,AK,6
13687,13688,Heidi,2014,F,AK,6
13688,13689,Izabella,2014,F,AK,6
13689,13690,Josephine,2014,F,AK,6
13690,13691,Joy,2014,F,AK,6
13691,13692,Katelyn,2014,F,AK,6
13692,13693,Katherine,2014,F,AK,6
13693,13694,Khloe,2014,F,AK,6
13694,13695,Lauren,2014,F,AK,6
13695,13696,Lila,2014,F,AK,6
13696,13697,Lilliana,2014,F,AK,6
13697,13698,Maci,2014,F,AK,6
13698,13699,Madilyn,2014,F,AK,6
13699,13700,Mariah,2014,F,AK,6
13700,13701,Mary,2014,F,AK,6
13701,13702,Melody,2014,F,AK,6
13702,13703,Molly,2014,F,AK,6
13703,13704,Presley,2014,F,AK,6
13704,13705,Rachel,2014,F,AK,6
13705,13706,Raegan,2014,F,AK,6
13706,13707,Reagan,2014,F,AK,6
13707,13708,Teagan,2014,F,AK,6
13708,13709,Ada,2014,F,AK,5
13709,13710,Adalynn,2014,F,AK,5
13710,13711,Alana,2014,F,AK,5
13711,13712,Alexandria,2014,F,AK,5
13712,13713,Alina,2014,F,AK,5
13713,13714,Amia,2014,F,AK,5
13714,13715,Arabella,2014,F,AK,5
13715,13716,Arya,2014,F,AK,5
13716,13717,Ayla,2014,F,AK,5
13717,13718,Bethany,2014,F,AK,5
13718,13719,Braelyn,2014,F,AK,5
13719,13720,Delaney,2014,F,AK,5
13720,13721,Destiny,2014,F,AK,5
13721,13722,Dylan,2014,F,AK,5
13722,13723,Emery,2014,F,AK,5
13723,13724,Emmalyn,2014,F,AK,5
13724,13725,Esther,2014,F,AK,5
13725,13726,Eva,2014,F,AK,5
13726,13727,Gracie,2014,F,AK,5
13727,13728,Hadley,2014,F,AK,5
13728,13729,Jayla,2014,F,AK,5
13729,13730,Jennifer,2014,F,AK,5
13730,13731,Josie,2014,F,AK,5
13731,13732,June,2014,F,AK,5
13732,13733,Kali,2014,F,AK,5
13733,13734,Kallie,2014,F,AK,5
13734,13735,Kayla,2014,F,AK,5
13735,13736,Lexie,2014,F,AK,5
13736,13737,Lilah,2014,F,AK,5
13737,13738,Lyla,2014,F,AK,5
13738,13739,Macy,2014,F,AK,5
13739,13740,Maggie,2014,F,AK,5
13740,13741,Makenna,2014,F,AK,5
13741,13742,Maya,2014,F,AK,5
13742,13743,Mckenzie,2014,F,AK,5
13743,13744,Meadow,2014,F,AK,5
13744,13745,Mila,2014,F,AK,5
13745,13746,Natasha,2014,F,AK,5
13746,13747,Olive,2014,F,AK,5
13747,13748,Rosalie,2014,F,AK,5
13748,13749,Sage,2014,F,AK,5
13749,13750,Shelby,2014,F,AK,5
13750,13751,Shiloh,2014,F,AK,5
13751,13752,Sydney,2014,F,AK,5
13752,13753,Veronica,2014,F,AK,5
24076,24077,Ethan,2004,M,AK,65
24077,24078,Joseph,2004,M,AK,63
24078,24079,James,2004,M,AK,59
24079,24080,Jacob,2004,M,AK,54
24080,24081,Samuel,2004,M,AK,54
24081,24082,Tyler,2004,M,AK,54
24082,24083,Alexander,2004,M,AK,43
24083,24084,Joshua,2004,M,AK,43
24084,24085,Michael,2004,M,AK,43
24085,24086,Benjamin,2004,M,AK,42
24086,24087,David,2004,M,AK,42
24087,24088,Dylan,2004,M,AK,42
24088,24089,Gabriel,2004,M,AK,40
24089,24090,Connor,2004,M,AK,39
24090,24091,Daniel,2004,M,AK,39
24091,24092,Matthew,2004,M,AK,39
24092,24093,William,2004,M,AK,39
24093,24094,Anthony,2004,M,AK,38
24094,24095,John,2004,M,AK,38
24095,24096,Logan,2004,M,AK,38
24096,24097,Ryan,2004,M,AK,35
24097,24098,Andrew,2004,M,AK,34
24098,24099,Caleb,2004,M,AK,34
24099,24100,Robert,2004,M,AK,34
24100,24101,Aidan,2004,M,AK,33
24101,24102,Elijah,2004,M,AK,33
24102,24103,Isaac,2004,M,AK,33
24103,24104,Aiden,2004,M,AK,31
24104,24105,Christopher,2004,M,AK,31
24105,24106,Ashton,2004,M,AK,30
24106,24107,Hunter,2004,M,AK,30
24107,24108,Aaron,2004,M,AK,29
24108,24109,Nathan,2004,M,AK,29
24109,24110,Brandon,2004,M,AK,27
24110,24111,Ian,2004,M,AK,27
24111,24112,Zachary,2004,M,AK,27
24112,24113,Austin,2004,M,AK,26
24113,24114,Charles,2004,M,AK,25
24114,24115,Luke,2004,M,AK,25
24115,24116,Mason,2004,M,AK,25
24116,24117,Nicholas,2004,M,AK,25
24117,24118,Noah,2004,M,AK,25
24118,24119,Kaden,2004,M,AK,24
24119,24120,Sean,2004,M,AK,24
24120,24121,Gavin,2004,M,AK,23
24121,24122,Justin,2004,M,AK,23
24122,24123,Jaden,2004,M,AK,22
24123,24124,Jonathan,2004,M,AK,22
24124,24125,Thomas,2004,M,AK,22
24125,24126,Isaiah,2004,M,AK,21
24126,24127,Blake,2004,M,AK,20
24127,24128,Lucas,2004,M,AK,20
24128,24129,Wyatt,2004,M,AK,20
24129,24130,Hayden,2004,M,AK,19
24130,24131,Jack,2004,M,AK,19
24131,24132,Jayden,2004,M,AK,19
24132,24133,Adam,2004,M,AK,18
24133,24134,Cody,2004,M,AK,18
24134,24135,Evan,2004,M,AK,18
24135,24136,Josiah,2004,M,AK,18
24136,24137,Kyle,2004,M,AK,18
24137,24138,Cameron,2004,M,AK,17
24138,24139,Jackson,2004,M,AK,17
24139,24140,Jesse,2004,M,AK,17
24140,24141,Kaleb,2004,M,AK,17
24141,24142,Kevin,2004,M,AK,17
24142,24143,Owen,2004,M,AK,17
24143,24144,Timothy,2004,M,AK,17
24144,24145,Alex,2004,M,AK,16
24145,24146,Garrett,2004,M,AK,16
24146,24147,Jason,2004,M,AK,16
24147,24148,Landon,2004,M,AK,16
24148,24149,Nathaniel,2004,M,AK,16
24149,24150,Riley,2004,M,AK,16
24150,24151,Caden,2004,M,AK,15
24151,24152,Carson,2004,M,AK,15
24152,24153,Levi,2004,M,AK,15
24153,24154,Micah,2004,M,AK,15
24154,24155,Seth,2004,M,AK,15
24155,24156,Carter,2004,M,AK,14
24156,24157,Cole,2004,M,AK,14
24157,24158,Dawson,2004,M,AK,14
24158,24159,Jordan,2004,M,AK,14
24159,24160,Christian,2004,M,AK,13
24160,24161,Colton,2004,M,AK,13
24161,24162,Dakota,2004,M,AK,13
24162,24163,Dustin,2004,M,AK,13
24163,24164,Elias,2004,M,AK,13
24164,24165,Jeremiah,2004,M,AK,13
24165,24166,Trevor,2004,M,AK,13
24166,24167,Tristan,2004,M,AK,13
24167,24168,Xander,2004,M,AK,13
24168,24169,Bryce,2004,M,AK,12
24169,24170,Colin,2004,M,AK,12
24170,24171,Devin,2004,M,AK,12
24171,24172,Liam,2004,M,AK,12
24172,24173,Paul,2004,M,AK,12
24173,24174,Richard,2004,M,AK,12
24174,24175,Trenton,2004,M,AK,12
